ROI,Feature_Decoding_Accuracy,Feature_Decoding_pval,Feature_Decoding_zval,Feature_Decoding_Accuracy(P),Feature_Decoding_pval(P),Feature_Decoding_zval(P),Feature_Decoding_Accuracy(WM),Feature_Decoding_pval(WM),Feature_Decoding_zval(WM),Task_Decoding_Accuracy,Task_Decoding_pval,Task_Decoding_zval,Task_Decoding_Accuracy(F),Task_Decoding_pval(F),Task_Decoding_zval(F),Task_Decoding_Accuracy(S),Task_Decoding_pval(S),Task_Decoding_zval(S),XOR_Decoding_Accuracy,XOR_Decoding_pval,XOR_Decoding_zval,CCGP_Feature_Decoding_Accuracy,CCGP_Feature_Decoding_pval,CCGP_Feature_Decoding_zval,CCGP_Task_Decoding_Accuracy,CCGP_Task_Decoding_pval,CCGP_Task_Decoding_zval
V1,0.6878255208333333,0.0,9.970492735627104,0.75390625,0.0,9.850201634834034,0.6614583333333333,0.0,6.190381386271735,0.9254557291666667,0.0,22.877035632449193,0.91796875,0.0,15.886143561697919,0.9036458333333333,0.0,15.338050478701218,0.5628255208333333,0.003,3.2578264297881274,0.6305338541666666,0.0,6.943463036645225,0.8776041666666666,0.0,20.848208275546618
MST,0.5084635416666666,0.349,0.37132973584208034,0.4778645833333333,0.79,-0.8026063553513095,0.525390625,0.184,0.9093536154679218,0.6357421875,0.0,6.786715214649421,0.6243489583333333,0.0,4.5145991504699765,0.6178385416666667,0.0,4.257655346306598,0.5152994791666667,0.209,0.7879204983825501,0.5009765625,0.504,0.040948083443013455,0.5992838541666666,0.0,5.00144145714003
V6,0.5400390625,0.016,2.1101678977331066,0.55078125,0.033,1.8657442430863669,0.5065104166666667,0.403,0.25972562271854915,0.6741536458333333,0.0,8.98174206547653,0.7057291666666667,0.0,7.1956427991194625,0.6328125,0.0,4.749127595308044,0.49186197916666663,0.667,-0.439784116847577,0.5377604166666666,0.021,1.960229050356291,0.6735026041666666,0.0,8.989773179129777
V2,0.6754557291666667,0.0,9.439540421128754,0.6712239583333333,0.0,6.345265485487045,0.6920572916666667,0.0,7.6111353976133955,0.9329427083333333,0.0,22.681934207099726,0.9303385416666667,0.0,16.458321481953895,0.92578125,0.0,16.480992999342618,0.5986328125,0.0,5.3342883131256995,0.6168619791666666,0.0,6.618907207611811,0.9029947916666667,0.0,21.912814929491596
V3,0.73046875,0.0,12.133235698871088,0.734375,0.0,8.755742531065076,0.7421875,0.0,9.301188317739319,0.9332682291666667,0.0,22.180379800128378,0.927734375,0.0,15.68956120117629,0.9140625,0.0,15.626922229450686,0.6162109375,0.0,6.014300489075853,0.6555989583333333,0.0,8.181901647234112,0.880859375,0.0,20.925773092979533
V4,0.6969401041666667,0.0,10.032329045418425,0.669921875,0.0,6.322392440740003,0.734375,0.0,9.063893055523792,0.8968098958333333,0.0,20.37056816590755,0.908203125,0.0,15.287830932740777,0.8971354166666667,0.0,14.839080257395958,0.6494140625,0.0,7.8446043118587845,0.5768229166666666,0.0,4.110371604226961,0.8567708333333334,0.0,19.736877691072472
V8,0.6158854166666667,0.0,5.698502782421467,0.59375,0.0,3.421407936244707,0.5963541666666667,0.0,3.491393084547002,0.7731119791666667,0.0,13.539894311216889,0.7688802083333333,0.0,9.71286432950783,0.7428385416666667,0.0,8.799780590098434,0.5472005208333333,0.008,2.4769191998191284,0.5660807291666666,0.0,3.4004432115988865,0.7418619791666667,0.0,12.738900054144395
4,0.4912109375,0.682,-0.456805199574958,0.5078125,0.369,0.32263184514136883,0.53125,0.122,1.1741440142765789,0.6350911458333333,0.0,7.166374641217569,0.6158854166666667,0.0,4.630293750841396,0.619140625,0.0,4.528810882627412,0.525390625,0.102,1.3339208267680487,0.4931640625,0.638,-0.34406705941519433,0.6025390625,0.0,5.599224221251599
3b,0.513671875,0.25,0.6895600195031703,0.498046875,0.571,-0.16372662879386418,0.5403645833333333,0.062,1.4748375425334217,0.6178385416666667,0.0,6.164289995976813,0.6380208333333333,0.0,5.153837812858433,0.56640625,0.008,2.4284239965063845,0.5319010416666667,0.047,1.6687490171098918,0.5139973958333334,0.214,0.7580523998788711,0.5921223958333333,0.0,5.027625880036009
FEF,0.6070963541666667,0.0,5.264692035730187,0.6087239583333333,0.0,4.045344639473599,0.59765625,0.001,3.7394754265831494,0.71484375,0.0,11.147825430982072,0.6861979166666667,0.0,6.750473882335473,0.6901041666666667,0.0,7.029837155452005,0.5270182291666667,0.087,1.3743271471180063,0.587890625,0.0,4.790531110891629,0.6858723958333334,0.0,9.630128919104544
PEF,0.5432942708333333,0.016,2.1207885737574257,0.494140625,0.597,-0.2072014590189071,0.5279947916666667,0.174,0.9673659444634873,0.7421875,0.0,11.951123398158385,0.7298177083333333,0.0,8.096707429990678,0.7311197916666667,0.0,8.800887787357958,0.5087890625,0.322,0.46070261744997465,0.5494791666666667,0.004,2.609813950756074,0.7379557291666666,0.0,12.666580465175105
55b,0.5266927083333333,0.09,1.2942695667594224,0.578125,0.003,2.96772413555711,0.486328125,0.684,-0.4784492497790263,0.6702473958333333,0.0,8.584519401892383,0.6731770833333333,0.0,6.53248358332344,0.6529947916666667,0.0,5.556992802088002,0.5208333333333333,0.149,1.0586880127465674,0.5263671875,0.079,1.356022267994104,0.6324869791666666,0.0,6.832758879447258
V3A,0.6555989583333333,0.0,8.268727031748462,0.6139322916666667,0.0,4.034831989872121,0.689453125,0.0,6.993951014797534,0.8284505208333333,0.0,16.67347068858301,0.814453125,0.0,11.920193171109037,0.8196614583333333,0.0,11.614917545212673,0.599609375,0.0,5.155679956675122,0.6080729166666667,0.0,5.763913294019856,0.7565104166666666,0.0,13.552141512640706
RSC,0.560546875,0.0,3.0126089574704698,0.5358072916666666,0.099,1.3228782179864362,0.5540364583333333,0.025,1.974525554120346,0.65234375,0.0,7.707213475490343,0.6119791666666667,0.0,4.319154614682307,0.634765625,0.0,5.152764586005173,0.47981770833333337,0.827,-0.9521240039006016,0.5387369791666666,0.03,1.99396771236792,0.6175130208333334,0.0,6.327039782713099
POS2,0.5904947916666667,0.0,4.480070254344168,0.623046875,0.0,4.428978323169223,0.6080729166666667,0.0,4.05118883259436,0.779296875,0.0,14.569012341937709,0.7578125,0.0,9.906307352559866,0.7513020833333333,0.0,9.14142702832456,0.5530598958333333,0.002,2.700037448435473,0.5751953125,0.0,3.984425938801308,0.7288411458333333,0.0,12.175578399691899
V7,0.609375,0.0,5.600739398927662,0.5846354166666667,0.0,3.0087385949931686,0.6595052083333333,0.0,5.926844181581142,0.6461588541666667,0.0,7.244476796681427,0.646484375,0.0,5.390745980209543,0.669921875,0.0,6.144109183870578,0.5458984375,0.012,2.2545513209910193,0.6136067708333334,0.0,5.734165815223262,0.6194661458333334,0.0,6.35120252355483
IPS1,0.6263020833333333,0.0,6.3312125402268595,0.578125,0.004,2.7365221784845564,0.6940104166666667,0.0,7.089480140289114,0.7073567708333333,0.0,11.041653479141862,0.642578125,0.0,5.154442595574729,0.7467447916666667,0.0,9.019123798265777,0.5794270833333333,0.0,3.867805743420442,0.578125,0.0,4.1018810611096335,0.6321614583333334,0.0,6.783515494678393
FFC,0.6780598958333333,0.0,9.068511971807217,0.6380208333333333,0.0,5.0637367110305584,0.640625,0.0,5.06045455497109,0.7835286458333333,0.0,14.337184806556367,0.7330729166666667,0.0,8.481180265121408,0.7278645833333333,0.0,8.541791628467196,0.5152994791666666,0.226,0.7450272884375133,0.669921875,0.0,8.797695596448985,0.7552083333333334,0.0,13.761667147423388
V3B,0.6139322916666667,0.0,5.6276934172983735,0.5462239583333333,0.048,1.6155752292161167,0.66015625,0.0,5.509440693824842,0.6536458333333333,0.0,7.719158789555705,0.6119791666666667,0.0,3.9964023754363374,0.6647135416666667,0.0,6.007466730631306,0.5393880208333333,0.022,1.9312583672617316,0.5553385416666667,0.003,2.9104497341220075,0.59765625,0.0,5.108011868467539
LO1,0.6357421875,0.0,6.688161832888824,0.548828125,0.043,1.7240530977167021,0.6868489583333333,0.0,6.46350542592526,0.7356770833333333,0.0,12.075860749805676,0.7057291666666667,0.0,7.117325270379879,0.7356770833333333,0.0,8.346750746415928,0.5520833333333333,0.001,2.670640769650741,0.6064453125,0.0,5.309127717395858,0.6617838541666666,0.0,8.393712608135898
LO2,0.6057942708333333,0.0,5.2236104251570845,0.6119791666666667,0.0,4.04375239563478,0.5950520833333333,0.001,3.200545729762663,0.7643229166666667,0.0,13.478560758138592,0.732421875,0.0,8.562331961310369,0.7317708333333333,0.0,8.266725331699822,0.5393880208333333,0.024,1.9181388703994673,0.5693359375,0.001,3.7846124993635217,0.7106119791666666,0.0,11.226546664455524
PIT,0.6012369791666667,0.0,5.282704209937539,0.5553385416666667,0.026,1.9662031098289108,0.6451822916666667,0.0,5.174890804053026,0.8141276041666667,0.0,15.867868181353654,0.8125,0.0,11.180758391767963,0.806640625,0.0,11.204492674923042,0.5247395833333333,0.107,1.2446900379974566,0.5774739583333333,0.0,3.999702067130299,0.7708333333333334,0.0,13.46716381418104
MT,0.560546875,0.0,3.1371448016276866,0.5286458333333333,0.18,1.0369671364333009,0.6119791666666667,0.0,3.9115648871837694,0.6663411458333333,0.0,8.452177941582246,0.6783854166666667,0.0,6.329937130246605,0.6920572916666667,0.0,6.761163733752859,0.533203125,0.049,1.6807884622551352,0.5296223958333333,0.061,1.4745608008718027,0.615234375,0.0,5.94624551003601
A1,0.5045572916666666,0.421,0.208540352096284,0.47981770833333337,0.756,-0.6781262084880973,0.5364583333333333,0.114,1.2504146479798992,0.5797526041666667,0.0,4.037911427156523,0.578125,0.002,2.6899236833938596,0.53515625,0.093,1.2666548081784392,0.4990234375,0.517,-0.05294339735906509,0.4869791666666667,0.737,-0.6331131618036098,0.5537109375,0.005,2.7471288881535996
PSL,0.5367838541666666,0.04,1.8650901765849963,0.5208333333333333,0.245,0.7013044583573813,0.5299479166666667,0.135,1.0621912797441773,0.6399739583333333,0.0,6.853562121943881,0.6458333333333333,0.0,5.460000903790119,0.6373697916666667,0.0,4.908812508495851,0.517578125,0.188,0.9190446251200618,0.51953125,0.156,1.039953010266702,0.6233723958333333,0.0,6.2082502760283
SFL,0.5501302083333333,0.005,2.4943012817399053,0.5221354166666667,0.201,0.8520532551226536,0.5188802083333333,0.276,0.6022102313891748,0.630859375,0.0,6.700439125495676,0.6041666666666667,0.0,3.8600930008175327,0.615234375,0.0,4.128391055404013,0.474609375,0.905,-1.2725764838826668,0.5270182291666666,0.074,1.4664929827104305,0.6110026041666666,0.0,5.797083106738422
PCV,0.58984375,0.0,4.713026457988048,0.5670572916666667,0.008,2.500746082678533,0.6236979166666667,0.0,4.41417711445407,0.6507161458333333,0.0,7.733456992433293,0.609375,0.0,4.1906572687318855,0.6282552083333333,0.0,4.731059911228179,0.53515625,0.035,1.8694743473376896,0.5712890625,0.0,3.7089133454057217,0.625,0.0,6.7240021872780655
STV,0.5530598958333333,0.003,2.7128439516620446,0.5416666666666667,0.069,1.472618286410842,0.5696614583333333,0.005,2.5492147342355547,0.69140625,0.0,9.93381961623187,0.66796875,0.0,6.180088802131043,0.693359375,0.0,7.168667757743892,0.5266927083333333,0.09,1.3570076403647824,0.5462239583333334,0.012,2.3716994213937643,0.6526692708333334,0.0,8.030188020076793
7Pm,0.6038411458333333,0.0,5.314516763029002,0.5807291666666667,0.002,2.799565726007331,0.6321614583333333,0.0,4.674902474276051,0.6832682291666667,0.0,8.928565806645711,0.6536458333333333,0.0,5.456036757523341,0.7350260416666667,0.0,8.410388776560936,0.5432942708333334,0.018,2.1270273713518244,0.5725911458333333,0.0,3.67347578083411,0.6569010416666666,0.0,8.020921794967975
7m,0.5891927083333333,0.0,4.410672059896682,0.568359375,0.006,2.3978295990092473,0.578125,0.002,2.81275808811491,0.642578125,0.0,7.239303628687851,0.6412760416666667,0.0,5.138616486380888,0.6197916666666667,0.0,4.5327079700211765,0.5283203125,0.073,1.450298385135716,0.5501302083333334,0.006,2.525030721506474,0.6396484375,0.0,7.294958554773298
POS1,0.5546875,0.001,2.7221030079829056,0.5983072916666667,0.001,3.413074832467063,0.537109375,0.076,1.3898257731062928,0.6419270833333333,0.0,7.449020558016502,0.6595052083333333,0.0,5.9757805313025845,0.6087239583333334,0.0,3.9622718837799367,0.5198567708333333,0.162,1.0034713253373728,0.5247395833333333,0.116,1.2522391084734272,0.6256510416666666,0.0,6.752819380590077
23d,0.5185546875,0.182,0.9163621760082901,0.4876302083333333,0.652,-0.39478306180621964,0.521484375,0.235,0.7663372317172046,0.6276041666666667,0.0,6.646552848741332,0.58984375,0.0,3.1677120776951355,0.580078125,0.003,2.853040019645959,0.5055338541666667,0.379,0.3371089596173345,0.5143229166666666,0.253,0.69218167362409,0.61328125,0.0,5.8246739948030415
v23ab,0.5393880208333333,0.026,1.9613504675688371,0.6184895833333333,0.0,4.323453727013149,0.5397135416666666,0.071,1.4467616173818825,0.5891927083333333,0.0,4.547673270630754,0.5462239583333333,0.048,1.6964946584664595,0.5833333333333333,0.002,2.975437061327564,0.5143229166666667,0.249,0.6845716627413837,0.5338541666666666,0.035,1.7449122580137255,0.5611979166666666,0.001,3.1969272738227907
d23ab,0.5263671875,0.085,1.2976788880114192,0.4563802083333333,0.951,-1.5754077902418144,0.5735677083333333,0.006,2.716212755217492,0.6155598958333333,0.0,5.594531774493379,0.6119791666666667,0.0,4.021279467462125,0.59765625,0.0,3.4114753427127913,0.4990234375,0.53,-0.053025720445633785,0.5234375,0.126,1.1592858164055413,0.6051432291666666,0.0,5.637776200612698
31pv,0.50390625,0.436,0.17230381556189361,0.53515625,0.096,1.3244622894609381,0.5143229166666666,0.288,0.5790488118750425,0.6012369791666667,0.0,5.237118193516902,0.6041666666666667,0.0,3.6281571796178285,0.595703125,0.0,3.5116014018832633,0.5045572916666666,0.399,0.26742028032626747,0.50390625,0.437,0.17371137254825236,0.599609375,0.0,5.358788799292599
5m,0.5029296875,0.447,0.14869639749322813,0.5208333333333333,0.243,0.71230070307803,0.50390625,0.469,0.11563976301922055,0.6012369791666667,0.0,5.044073254649687,0.6145833333333333,0.0,4.04442972368148,0.599609375,0.0,3.6599636252855583,0.5172526041666666,0.204,0.8636103568393996,0.49348958333333337,0.626,-0.3099992844979972,0.5673828125,0.0,3.4905588017088767
5mv,0.5289713541666666,0.059,1.5003427786096237,0.5143229166666667,0.307,0.5016018821110287,0.5345052083333334,0.095,1.2564636544820447,0.5921223958333333,0.0,4.865375349125595,0.591796875,0.0,3.3188968800328436,0.5833333333333333,0.0,3.0991411154006876,0.5084635416666666,0.32,0.4467319460981877,0.5227864583333333,0.139,1.1398739688998731,0.5631510416666666,0.001,3.3384788254839006
23c,0.5546875,0.006,2.7454921314393235,0.56640625,0.008,2.4120690960078703,0.556640625,0.016,2.072447462225058,0.6285807291666667,0.0,6.229214275731843,0.5885416666666667,0.0,3.1683697367233243,0.5859375,0.001,3.032764253553816,0.5276692708333333,0.086,1.3905618285450256,0.5309244791666666,0.055,1.564155502241888,0.5787760416666666,0.0,4.043505310155522
5L,0.5035807291666666,0.416,0.23090093648074667,0.5078125,0.389,0.3109837583949605,0.5,0.502,0.0005497495698718547,0.6142578125,0.0,5.700714798742677,0.578125,0.001,2.8251771692861394,0.578125,0.0,2.8747293269337217,0.49609375,0.6,-0.23224287875839486,0.49479166666666663,0.626,-0.31118886531978013,0.5738932291666666,0.0,3.8529232296887836
24dd,0.51953125,0.173,0.9708923742002961,0.5143229166666667,0.315,0.49725562545660185,0.541015625,0.07,1.478481433548266,0.6110026041666667,0.0,5.826012226389191,0.599609375,0.0,3.70522011149144,0.552734375,0.025,1.9329269178980657,0.5302734375,0.049,1.5639923606597297,0.4986979166666667,0.509,-0.05401865389120408,0.5703125,0.0,3.7013238439067857
24dv,0.5237630208333333,0.127,1.1554439650909518,0.548828125,0.041,1.7245994267263032,0.5162760416666667,0.277,0.5668379790722626,0.6165364583333333,0.0,5.922787932832891,0.6171875,0.0,4.377176185928936,0.587890625,0.001,3.255526584620588,0.5126953125,0.27,0.6165124306011679,0.5133463541666667,0.237,0.7388755797005225,0.5852864583333333,0.0,4.433002299190857
7AL,0.5638020833333333,0.002,3.1792967514020707,0.5455729166666667,0.052,1.6109955402643485,0.599609375,0.0,3.5513322424514118,0.6129557291666667,0.0,5.607821875461902,0.6158854166666667,0.0,4.3909154458261845,0.6165364583333333,0.0,4.157463171750166,0.5247395833333334,0.114,1.1946697471404666,0.5374348958333334,0.025,1.9563018410746864,0.5712890625,0.0,3.869780897727143
SCEF,0.5472005208333333,0.003,2.4000571452430743,0.5611979166666667,0.015,2.2896098347445664,0.5670572916666667,0.005,2.5356375937760913,0.7073567708333333,0.0,10.57945745857285,0.66796875,0.0,6.382387068583523,0.6888020833333333,0.0,7.044627560377888,0.5074869791666666,0.35,0.39908079579073164,0.5524088541666667,0.006,2.6792377794336937,0.6910807291666666,0.0,10.54151255666683
6ma,0.5807291666666667,0.0,4.03604213661215,0.57421875,0.004,2.7044979454065508,0.53515625,0.104,1.3016254417269026,0.6451822916666667,0.0,7.3771783230945225,0.603515625,0.0,3.773674009973619,0.6432291666666667,0.0,5.368000448824353,0.515625,0.2,0.8304777256167171,0.5390625,0.012,2.126187183615298,0.6070963541666666,0.0,5.767310742262574
7Am,0.5817057291666667,0.0,4.251163685377759,0.54296875,0.072,1.4748393221716136,0.646484375,0.0,5.187534435793634,0.6943359375,0.0,9.686362123550529,0.6438802083333333,0.0,5.114030427703099,0.7115885416666667,0.0,7.556837479279445,0.5478515625,0.006,2.4969444531992337,0.5546875,0.006,2.859493935402599,0.6490885416666667,0.0,7.767796183172871
7PL,0.6442057291666667,0.0,6.989641586501651,0.599609375,0.0,3.6231247643712794,0.697265625,0.0,7.384920119168476,0.6884765625,0.0,9.398069989003032,0.6458333333333333,0.0,5.32584483469464,0.7096354166666667,0.0,7.58043485784034,0.5546875,0.002,2.7518003807128535,0.6110026041666666,0.0,5.524776157955044,0.6458333333333334,0.0,7.940518397968802
7PC,0.5458984375,0.011,2.3224374748349232,0.501953125,0.504,0.003084705610223268,0.5572916666666667,0.017,2.1007814633399513,0.6516927083333333,0.0,7.684599348034597,0.6119791666666667,0.0,4.252106577699988,0.626953125,0.0,4.525290437595433,0.5035807291666666,0.451,0.1372947370265103,0.5442708333333334,0.007,2.2288824698432044,0.6360677083333334,0.0,6.946678528104587
LIPv,0.5986328125,0.0,5.0978788390244345,0.5266927083333333,0.183,0.9223093681949053,0.615234375,0.0,4.197741130897158,0.6881510416666667,0.0,9.599774925720379,0.6536458333333333,0.0,5.676093383578838,0.6927083333333333,0.0,6.738146684671817,0.5263671875,0.117,1.2717149350245478,0.5833333333333334,0.0,4.268230222478233,0.6432291666666667,0.0,7.3538422483748365
VIP,0.5611979166666667,0.001,2.9832495710027596,0.548828125,0.044,1.7280121268340056,0.6536458333333333,0.0,5.634640928615019,0.6376953125,0.0,6.9166723317655,0.6028645833333333,0.0,3.5221737009645047,0.6907552083333333,0.0,7.043712547148623,0.5706380208333333,0.0,3.6639822316323403,0.517578125,0.194,0.8301358955080193,0.560546875,0.002,2.931423533569974
MIP,0.6969401041666667,0.0,9.697868855932786,0.642578125,0.0,5.14340221567061,0.7122395833333333,0.0,7.434823434808847,0.7483723958333333,0.0,12.329265241187,0.7233072916666667,0.0,8.094293995306684,0.8138020833333333,0.0,11.623977077665579,0.556640625,0.001,2.986928300683094,0.6207682291666667,0.0,6.339433021795722,0.7135416666666666,0.0,11.051951920196608
1,0.5068359375,0.379,0.3587630896934079,0.5045572916666666,0.427,0.18763079221531387,0.5149739583333333,0.31,0.515038881292283,0.6223958333333333,0.0,6.059998104857955,0.6354166666666667,0.0,5.116043807211452,0.6126302083333333,0.0,4.063311961606379,0.49641927083333337,0.547,-0.154076294733529,0.5143229166666666,0.207,0.821193429265943,0.6217447916666666,0.0,6.4494115212624
2,0.5403645833333333,0.014,2.0891863081917554,0.509765625,0.367,0.36648523044716097,0.5540364583333333,0.029,1.9243424281495567,0.6015625,0.0,5.18143251125831,0.611328125,0.0,4.25241670084448,0.5716145833333333,0.003,2.707329297956029,0.50390625,0.41,0.21620282235062468,0.5286458333333334,0.072,1.4674503661868221,0.5846354166666666,0.0,4.587105455545534
3a,0.478515625,0.854,-1.0462597994150267,0.47135416666666663,0.845,-1.0203404425122735,0.5325520833333333,0.133,1.2009696408668775,0.6022135416666667,0.0,5.215840859524321,0.6002604166666667,0.0,3.8288592796202243,0.6028645833333333,0.0,3.8906623894194414,0.5397135416666667,0.023,2.033850040467377,0.4762369791666667,0.892,-1.2179900102228571,0.5817057291666667,0.0,4.386673928628907
6d,0.5836588541666667,0.0,4.2985642387582885,0.5462239583333333,0.053,1.662805518176907,0.5768229166666667,0.003,2.6157567384629425,0.6455078125,0.0,7.277135577283737,0.6438802083333333,0.0,5.600402195139288,0.6184895833333333,0.0,4.243475539934157,0.5361328125,0.029,1.8464114626570558,0.5413411458333334,0.013,2.137513259832706,0.6044921875,0.0,5.612543173133437
6mp,0.4996744791666667,0.508,0.04336714481034441,0.517578125,0.262,0.6371474186176286,0.5279947916666667,0.178,0.9537545908359433,0.6057942708333333,0.0,5.325883674608774,0.5924479166666667,0.001,3.485264721933547,0.5670572916666667,0.008,2.4295495039434143,0.5048828125,0.389,0.27725458668556097,0.5185546875,0.166,0.9408423475126072,0.5953776041666666,0.0,4.991245224691668
6v,0.5166015625,0.221,0.8118220210066919,0.5325520833333334,0.124,1.2003176597351308,0.5397135416666667,0.058,1.5627551176616072,0.6064453125,0.0,5.171497034526225,0.5983072916666667,0.0,3.640997026319354,0.6171875,0.0,4.436553962528569,0.5013020833333334,0.447,0.1042339408565148,0.5032552083333334,0.443,0.1387295539868112,0.5891927083333334,0.0,4.745535620489007
p24pr,0.48274739583333337,0.798,-0.8473465761109974,0.5123697916666666,0.324,0.454033108754901,0.4609375,0.913,-1.3831952264327665,0.6285807291666667,0.0,6.449189084245781,0.6263020833333333,0.0,4.510603420861274,0.5950520833333333,0.0,3.4413470233517907,0.5055338541666667,0.407,0.22950346961727197,0.49153645833333337,0.664,-0.40082868825927537,0.580078125,0.0,4.1621775679598665
33pr,0.46126302083333337,0.978,-2.0095949183718687,0.45377604166666663,0.952,-1.6606209527977889,0.46158854166666663,0.912,-1.3396968323844323,0.5865885416666667,0.0,4.130768632723032,0.5631510416666667,0.008,2.2155411606686872,0.6009114583333333,0.001,3.4633493181821344,0.5009765625,0.477,0.04417697238778312,0.49218750000000006,0.663,-0.4381948819411602,0.5764973958333333,0.0,3.9406604773049025
a24pr,0.5094401041666666,0.34,0.41692398330244507,0.4772135416666667,0.808,-0.8757267122307834,0.5071614583333334,0.414,0.24953300763113848,0.6712239583333333,0.0,8.222255193955895,0.6484375,0.0,5.343407105014992,0.6204427083333333,0.0,4.456046859288031,0.478515625,0.854,-1.0626122763394872,0.5198567708333334,0.162,1.0206475731492368,0.6259765625,0.0,6.740264318802296
p32pr,0.5211588541666666,0.146,1.062163368731161,0.4986979166666667,0.526,-0.07565673110729312,0.5481770833333333,0.048,1.6989739909140202,0.6536458333333333,0.0,7.845235998646398,0.65625,0.0,5.694940065577278,0.6569010416666667,0.0,5.683052612006125,0.5296223958333333,0.067,1.4811437054351795,0.525390625,0.088,1.35714815785573,0.6204427083333334,0.0,6.447264070466091
a24,0.5172526041666667,0.194,0.8586603991978641,0.47395833333333337,0.806,-0.8651130665053238,0.5305989583333333,0.132,1.1278130200167957,0.5572916666666667,0.001,2.942078163950833,0.5826822916666667,0.0,2.9990013751424085,0.537109375,0.098,1.3210210153766067,0.5185546875,0.177,0.9417915555518669,0.4889322916666667,0.726,-0.6010884639447366,0.5472005208333333,0.003,2.5759702939330995
d32,0.5501302083333333,0.008,2.517905410176182,0.51953125,0.227,0.7324935803846474,0.5260416666666666,0.2,0.8728498363781482,0.5817057291666667,0.0,3.9556586386126114,0.5625,0.018,2.1701242780256687,0.5735677083333333,0.006,2.59108824167168,0.5003255208333334,0.504,0.003516976190530984,0.533203125,0.045,1.699392309397058,0.5865885416666666,0.0,4.532956555091318
8BM,0.5250651041666667,0.102,1.3140482909914795,0.533203125,0.111,1.2013265264449695,0.5559895833333334,0.029,1.9188466514066895,0.6442057291666667,0.0,7.726585310297442,0.5963541666666667,0.0,3.549588056578142,0.591796875,0.001,3.3072628457568913,0.47916666666666663,0.849,-1.0643864256147293,0.5169270833333333,0.184,0.9094984793994267,0.6188151041666666,0.0,6.260026808481021
p32,0.5084635416666667,0.335,0.44869908901596184,0.490234375,0.624,-0.33927656449975824,0.53515625,0.1,1.2259171870749186,0.5569661458333333,0.004,2.8799001100045474,0.5501302083333333,0.037,1.7817710948183827,0.5481770833333333,0.041,1.7514808357579537,0.4775390625,0.861,-1.1035193131328114,0.5305989583333334,0.056,1.5801675408933094,0.5595703125,0.002,3.058195255862099
10r,0.5052083333333333,0.4,0.275887169986059,0.513671875,0.325,0.5093385475059717,0.48372395833333337,0.715,-0.6001730866074593,0.5849609375,0.0,4.129236892198654,0.5735677083333333,0.003,2.6453550252349087,0.5592447916666667,0.012,2.171771452639407,0.5071614583333334,0.349,0.4046406637202048,0.49804687499999994,0.557,-0.11238362200877929,0.5530598958333333,0.002,2.6902216977386417
47m,0.5270182291666667,0.07,1.441661040016189,0.5,0.497,-0.0027059483120072097,0.546875,0.055,1.634364194709736,0.5999348958333333,0.0,4.897473311883068,0.58203125,0.002,2.9507552829943022,0.5852864583333333,0.001,2.9597707142385126,0.49869791666666663,0.534,-0.07510532596202629,0.53125,0.071,1.5276677124234568,0.5908203125,0.0,4.6745105816498835
8Av,0.5341796875,0.033,1.764563723269022,0.533203125,0.116,1.1813969822008772,0.5377604166666667,0.078,1.3960177714989221,0.6689453125,0.0,8.611499673148675,0.650390625,0.0,5.502404866739149,0.6393229166666667,0.0,5.268268937026765,0.5325520833333333,0.047,1.6672841501881173,0.5198567708333333,0.153,1.0077126972031625,0.623046875,0.0,6.598057888482727
8Ad,0.5309244791666667,0.04,1.7833382144613712,0.5045572916666666,0.444,0.15260918306683854,0.501953125,0.478,0.0950605272082183,0.6240234375,0.0,6.2867665761634886,0.607421875,0.0,3.974334753121467,0.576171875,0.003,2.8310726584203834,0.48795572916666663,0.71,-0.5797308669567841,0.5192057291666667,0.177,0.9492639408766014,0.6282552083333333,0.0,6.793841889570791
9m,0.5455729166666667,0.009,2.3851878954156014,0.541015625,0.079,1.4843301097678199,0.587890625,0.001,3.214520795212389,0.6070963541666667,0.0,5.3147555082592275,0.5983072916666667,0.0,3.516702429584883,0.572265625,0.001,2.7219532954077033,0.5003255208333333,0.504,0.030872686014954985,0.5543619791666667,0.0,2.8735928069913115,0.5852864583333334,0.0,4.621043932672932
8BL,0.5263671875,0.077,1.4259607957120561,0.5208333333333334,0.215,0.7978006374466746,0.556640625,0.015,2.071907045739507,0.6149088541666667,0.0,5.951431004285561,0.6178385416666667,0.0,4.325621900797099,0.5813802083333333,0.002,2.885771089830246,0.5338541666666667,0.048,1.6842694913335692,0.5081380208333333,0.35,0.43141179477857855,0.5826822916666667,0.0,4.259216735432913
9p,0.5169270833333333,0.199,0.8763164361519775,0.5162760416666667,0.302,0.5386348165425058,0.5247395833333333,0.175,0.9537881221178693,0.6083984375,0.0,5.494741286633366,0.6028645833333333,0.0,3.756489518562013,0.5631510416666667,0.009,2.327371085477213,0.4928385416666667,0.645,-0.3900250628765549,0.5016276041666667,0.477,0.066935835618292,0.5914713541666667,0.0,4.770573926714136
10d,0.5582682291666667,0.001,3.090015103356978,0.5,0.503,0.02046745838274864,0.5924479166666667,0.0,3.341697933468873,0.5807291666666667,0.0,4.357151501950439,0.5774739583333334,0.001,2.8344357289404423,0.5553385416666666,0.026,1.9950098668327354,0.50390625,0.414,0.23900964207503733,0.541015625,0.017,2.0487563635726644,0.5680338541666666,0.0,3.581704222620218
8C,0.6106770833333333,0.0,5.597386759464606,0.58203125,0.003,2.959741565269467,0.5774739583333334,0.001,2.9288711969881587,0.75390625,0.0,13.16183166946753,0.7102864583333333,0.0,7.566675503493059,0.7330729166666667,0.0,8.753369470659441,0.49479166666666663,0.63,-0.279960399490114,0.5885416666666666,0.0,4.591730169327202,0.7093098958333334,0.0,11.974095973054178
44,0.5152994791666667,0.198,0.8422231139157517,0.5345052083333334,0.104,1.2540290189280041,0.51171875,0.34,0.43720941684620623,0.6256510416666667,0.0,6.822758679659812,0.6328125,0.0,4.813740151659963,0.6126302083333333,0.0,4.27707422418347,0.5159505208333333,0.224,0.8027687056820259,0.47884114583333337,0.864,-1.091548031820018,0.5875651041666667,0.0,4.757987190934154
45,0.5182291666666667,0.167,0.9606520759862925,0.552734375,0.03,1.9123111157692194,0.5045572916666667,0.436,0.1906877953908591,0.6103515625,0.0,5.711391934950566,0.541015625,0.076,1.4902029927507634,0.6028645833333333,0.0,3.9143227638444453,0.521484375,0.137,1.0932257295207966,0.5250651041666666,0.117,1.211265798666612,0.5533854166666666,0.003,2.8674340741094166
47l,0.5247395833333333,0.111,1.2560902743501798,0.49609375,0.545,-0.1323472688421433,0.529296875,0.14,1.0611856335385648,0.5966796875,0.0,4.88207526276114,0.615234375,0.0,4.174733418667768,0.572265625,0.004,2.63715589760881,0.4944661458333333,0.597,-0.2565641299830204,0.5283203125,0.066,1.5240684379400786,0.5826822916666666,0.0,4.405353220741739
a47r,0.5296223958333333,0.065,1.4577197716797359,0.5305989583333334,0.134,1.1119077115350986,0.5182291666666667,0.284,0.6327913743968272,0.619140625,0.0,6.225630123032676,0.6458333333333333,0.0,5.499334394798166,0.6243489583333333,0.0,4.588144908602181,0.5182291666666666,0.191,0.8949164571392004,0.5296223958333333,0.063,1.5604856955468984,0.6214192708333333,0.0,6.582480602977829
6r,0.5380859375,0.04,1.7595976864724874,0.5846354166666667,0.0,3.0523598992547982,0.5514322916666667,0.024,1.9736895478940313,0.7018229166666667,0.0,10.19274039315682,0.6705729166666667,0.0,6.469196722466698,0.6985677083333333,0.0,7.1775572537032915,0.525390625,0.103,1.2903541373473946,0.5322265625,0.044,1.7065704092536493,0.6611328125,0.0,8.587622697045434
IFJa,0.5891927083333333,0.0,4.656405399936716,0.615234375,0.0,4.071449921870528,0.5716145833333333,0.004,2.614986475888442,0.7229817708333333,0.0,11.527218778557385,0.7408854166666667,0.0,9.040033880133382,0.7259114583333333,0.0,8.29442871965664,0.5364583333333333,0.032,1.840124110592249,0.578125,0.0,3.9887518194048495,0.6891276041666667,0.0,9.884589484059342
IFJp,0.5198567708333333,0.187,0.9287951470632761,0.5494791666666667,0.032,1.8096135364535058,0.5390625,0.097,1.3805076477507305,0.7626953125,0.0,12.983931296079463,0.751953125,0.0,8.690641934425075,0.7552083333333333,0.0,9.0065812399816,0.5110677083333333,0.318,0.5116112405339203,0.5250651041666667,0.117,1.1755531993569757,0.7438151041666666,0.0,12.522354022216525
IFSp,0.59375,0.0,4.894579373960687,0.5833333333333333,0.002,3.022118759047314,0.6002604166666667,0.0,3.6354453300834924,0.7200520833333333,0.0,11.173810055541837,0.6725260416666667,0.0,6.152261837184034,0.7272135416666667,0.0,7.862130138656959,0.5299479166666667,0.077,1.4734465601670943,0.5524088541666666,0.005,2.707789413728615,0.6975911458333334,0.0,10.206023768832512
IFSa,0.5953776041666667,0.0,4.7636816504907245,0.5670572916666667,0.014,2.320475910113995,0.6067708333333333,0.0,3.982693214397065,0.6344401041666667,0.0,6.807190836558193,0.6080729166666667,0.0,4.122957098858821,0.5911458333333333,0.0,3.21669418202333,0.4775390625,0.869,-1.1494574066014014,0.5771484375,0.0,4.061540933628787,0.5960286458333334,0.0,5.094265527236993
p9-46v,0.5569661458333333,0.0,2.845476993759989,0.5162760416666667,0.253,0.6641503653575659,0.587890625,0.001,3.208084084431361,0.6956380208333333,0.0,9.826720972297005,0.69921875,0.0,7.437696150295546,0.6725260416666667,0.0,6.369939660920118,0.5426432291666667,0.021,2.106513208769728,0.5166015625,0.184,0.8766022630917855,0.6510416666666666,0.0,7.882488084160899
46,0.580078125,0.0,4.148019217847372,0.5260416666666667,0.152,1.0045988428032866,0.552734375,0.027,1.91002878512253,0.6637369791666667,0.0,8.298592691859495,0.6536458333333333,0.0,6.0343820208735535,0.6282552083333333,0.0,4.6367394705661455,0.4762369791666667,0.878,-1.1542134124764478,0.5660807291666666,0.001,3.447808477789906,0.6302083333333334,0.0,7.053826527840019
a9-46v,0.5478515625,0.004,2.5219448279792536,0.5143229166666666,0.307,0.5421487856610894,0.5670572916666667,0.002,2.3256020767952537,0.6188151041666667,0.0,5.837683780807018,0.5748697916666667,0.005,2.743882891608937,0.6145833333333333,0.0,3.932850282995559,0.49446614583333337,0.592,-0.25260214531905173,0.5673828125,0.001,3.4650236218517985,0.6057942708333334,0.0,5.413865396245579
9-46d,0.5485026041666667,0.008,2.390298714450289,0.521484375,0.237,0.7466078478387204,0.603515625,0.0,3.787561544710373,0.6871744791666667,0.0,10.099259276577083,0.6321614583333333,0.0,4.726090375211826,0.6438802083333333,0.0,5.311936978311493,0.49837239583333337,0.498,-0.028919200754704954,0.5559895833333334,0.0,2.9819531447558743,0.6637369791666667,0.0,8.684599340624333
9a,0.5455729166666667,0.005,2.304204568581471,0.548828125,0.029,1.748644905637115,0.5807291666666667,0.001,2.9366732656571197,0.6087239583333333,0.0,5.371860115596915,0.6067708333333333,0.0,3.85625160640553,0.580078125,0.002,2.801246579405274,0.5022786458333333,0.475,0.08208796414185,0.5205078125,0.171,1.0161575093631474,0.6015625,0.0,5.4794524392412844
10v,0.529296875,0.063,1.5643245390176286,0.5462239583333333,0.047,1.6366656868366667,0.4889322916666667,0.665,-0.4524251966003965,0.5123697916666667,0.255,0.6635297062536375,0.5384114583333333,0.065,1.5133941663126214,0.509765625,0.344,0.39425348917766495,0.49772135416666663,0.525,-0.08685885363781815,0.52734375,0.059,1.5497174148686732,0.5364583333333333,0.024,1.989090212502791
a10p,0.4794921875,0.847,-1.0215562681112353,0.4752604166666667,0.814,-0.8915904925444005,0.498046875,0.508,-0.038351676786323154,0.6171875,0.0,6.059337377905403,0.6106770833333333,0.0,4.146451887774868,0.5826822916666666,0.0,2.97441219020911,0.48079427083333337,0.823,-0.9343702197027466,0.4814453125,0.824,-0.9583719853160535,0.6188151041666667,0.0,6.301375010216652
10pp,0.48470052083333337,0.79,-0.8139233718115612,0.5130208333333333,0.321,0.48011847151895587,0.47786458333333337,0.794,-0.837745302102979,0.5677083333333333,0.001,3.497954967903951,0.5651041666666667,0.01,2.401709054210508,0.546875,0.036,1.792744418254793,0.49283854166666663,0.628,-0.3307938779771,0.48828125,0.728,-0.6075803627008806,0.5553385416666666,0.004,2.9396678893837502
11l,0.5638020833333333,0.0,3.346618291660021,0.5364583333333333,0.085,1.3773708441587047,0.46875,0.889,-1.1749779571222028,0.6168619791666667,0.0,6.00984218670296,0.6334635416666667,0.0,4.921052235441825,0.5696614583333333,0.005,2.61624581951397,0.4928385416666667,0.644,-0.36540900386675956,0.5358072916666667,0.034,1.8451845469942976,0.5940755208333334,0.0,5.1188818724637875
13l,0.5315755208333333,0.048,1.616591600339278,0.5546875,0.02,2.0909120698805665,0.5514322916666667,0.032,1.8171243441717169,0.5891927083333333,0.0,4.592035929537177,0.5950520833333333,0.0,3.5864717956817977,0.6139322916666667,0.0,4.1608403705665875,0.5289713541666667,0.067,1.5073428125950659,0.5009765625,0.468,0.09185481424115455,0.5771484375,0.0,4.16027751388627
OFC,0.46354166666666663,0.974,-1.9351021936172415,0.5026041666666667,0.467,0.08018398894171332,0.44140625,0.984,-2.264925546818848,0.5166015625,0.176,0.9306662613848232,0.54296875,0.056,1.615397849412258,0.5338541666666666,0.1,1.3054383535974976,0.529296875,0.043,1.6630926314132568,0.46419270833333337,0.976,-1.9826276249390118,0.5227864583333333,0.098,1.2939601531116507
47s,0.5286458333333333,0.075,1.4430125100488098,0.5345052083333333,0.114,1.200241276819397,0.5032552083333333,0.45,0.16254626250306803,0.5830078125,0.0,4.320390515120286,0.5755208333333333,0.001,2.8295030792654385,0.5579427083333333,0.018,2.1044816738236025,0.5026041666666667,0.433,0.15568678436390368,0.5068359375,0.342,0.38537756675025997,0.5582682291666667,0.0,3.1160337442944277
LIPd,0.5869140625,0.0,4.3135989373934,0.5709635416666667,0.007,2.4941753360823102,0.5826822916666667,0.0,3.0824593517789305,0.7249348958333333,0.0,10.821484551987105,0.68359375,0.0,6.783250996023063,0.7389322916666667,0.0,8.541243315908337,0.5348307291666667,0.044,1.6987816944606802,0.5520833333333334,0.005,2.5202127720293284,0.7027994791666666,0.0,10.683615501144518
6a,0.5729166666666667,0.0,3.710001884118639,0.599609375,0.001,3.639652983654182,0.5768229166666667,0.002,2.8602820050253555,0.658203125,0.0,8.411135245170044,0.654296875,0.0,5.498167333890534,0.6243489583333333,0.0,4.674148787220248,0.5110677083333333,0.279,0.5819269242138396,0.5703125,0.0,3.605338813964141,0.6311848958333333,0.0,6.980373705079279
i6-8,0.5400390625,0.018,2.025801139024628,0.5703125,0.003,2.579291254707939,0.5501302083333333,0.037,1.867172171632205,0.6243489583333333,0.0,6.1580567302586795,0.6295572916666667,0.0,4.744693738297519,0.603515625,0.0,3.749886846348117,0.5325520833333333,0.048,1.693411118151093,0.5299479166666667,0.071,1.4970960112056788,0.560546875,0.001,3.168848277711237
s6-8,0.544921875,0.01,2.3349507371941085,0.5299479166666667,0.144,1.0409680065374234,0.541015625,0.069,1.4923659573851036,0.5999348958333333,0.0,5.2743482751722945,0.603515625,0.0,3.702306483935066,0.6022135416666667,0.0,3.757289314246735,0.5263671875,0.086,1.369161621296571,0.5270182291666667,0.094,1.3212047468532662,0.572265625,0.001,3.7296964238990737
43,0.5084635416666667,0.354,0.4008024320142642,0.4993489583333333,0.507,0.03069202212641944,0.4986979166666667,0.505,-0.008012109831005214,0.5813802083333333,0.0,4.142526314826709,0.5983072916666667,0.001,3.7028667026582394,0.533203125,0.119,1.1774369236608344,0.5091145833333333,0.348,0.40532537840542826,0.5081380208333333,0.335,0.4251985117026195,0.5712890625,0.0,3.698633014217547
OP4,0.4814453125,0.848,-0.9905956002425983,0.46354166666666663,0.905,-1.324587628036637,0.46875,0.865,-1.085829351597434,0.59375,0.0,4.669910098400153,0.6048177083333333,0.001,3.9924870142205773,0.578125,0.003,2.902924359103993,0.5130208333333334,0.256,0.7071159458059335,0.49153645833333337,0.656,-0.42901022469065403,0.5836588541666666,0.0,4.379010480531427
OP1,0.470703125,0.939,-1.5056683827567623,0.45703125,0.948,-1.57730945526004,0.484375,0.715,-0.5334086579240662,0.5875651041666667,0.0,4.384062664679916,0.5631510416666667,0.011,2.3081210919165582,0.5651041666666667,0.004,2.4299057143359173,0.5042317708333333,0.414,0.21457055114017132,0.4560546875,0.986,-2.2283541974014462,0.5735677083333333,0.0,3.899291859641693
OP2-3,0.49967447916666663,0.522,0.01782937720378819,0.5123697916666666,0.326,0.4708574588085664,0.490234375,0.627,-0.35331741068033784,0.5774739583333333,0.0,3.975056118157925,0.5553385416666667,0.022,2.014979296365305,0.5846354166666667,0.002,2.927600609212512,0.5130208333333333,0.267,0.6692458725146784,0.5048828125,0.39,0.2749259078771083,0.5514322916666666,0.004,2.6328596548499403
52,0.50390625,0.445,0.2038987610479195,0.525390625,0.173,0.9416911535995608,0.4954427083333333,0.609,-0.20333408918038762,0.5794270833333333,0.0,3.921058915974929,0.5598958333333333,0.022,2.0741157269718746,0.5611979166666667,0.013,2.1521607798246496,0.5113932291666666,0.291,0.5707155835764249,0.48404947916666663,0.786,-0.8110758640324176,0.5621744791666667,0.001,3.256586367452431
RI,0.5045572916666667,0.39,0.2737964064435599,0.5345052083333334,0.122,1.1776996469175796,0.5169270833333333,0.246,0.6415280289682509,0.5732421875,0.0,3.782756763832336,0.5885416666666667,0.0,3.1066523573740032,0.5787760416666667,0.004,2.849662078617284,0.5146484375,0.24,0.7148795900991379,0.4970703125,0.555,-0.12689875949161575,0.5452473958333334,0.011,2.360178622016126
PFcm,0.5416666666666667,0.016,2.129642874849012,0.5266927083333333,0.158,0.978637609438189,0.5188802083333334,0.244,0.6905113182016432,0.6097005208333333,0.0,5.591553531331885,0.6282552083333333,0.0,4.537502298079857,0.5924479166666667,0.0,3.434324138452701,0.4915364583333333,0.678,-0.4441322085835201,0.5462239583333334,0.004,2.4864404041570625,0.5849609375,0.0,4.401780601254537
PoI2,0.5240885416666667,0.107,1.233708993085945,0.4889322916666667,0.677,-0.43096275287451374,0.5358072916666667,0.107,1.2045973083183021,0.5963541666666667,0.0,5.004073989358161,0.5703125,0.004,2.562719770606918,0.5852864583333333,0.002,3.007734803979158,0.5003255208333334,0.535,-0.06846925949721519,0.5110677083333334,0.297,0.5586032954489047,0.5706380208333333,0.0,3.704167021024578
TA2,0.49186197916666663,0.687,-0.45067322700345636,0.4765625,0.811,-0.8450506692224307,0.43880208333333337,0.985,-2.2151165903063523,0.5481770833333333,0.009,2.393130901942978,0.564453125,0.011,2.2135027420443425,0.5286458333333333,0.136,1.074925189421083,0.48307291666666663,0.798,-0.8446756700642817,0.5029296875,0.438,0.20220609637452627,0.5247395833333333,0.111,1.2502015861834423
FOP4,0.5192057291666667,0.175,0.9275518947587958,0.5227864583333333,0.217,0.7846644309531909,0.5130208333333333,0.31,0.49094326347916073,0.595703125,0.0,4.940875027249557,0.5696614583333333,0.006,2.5541309532567102,0.6276041666666667,0.0,4.696605595644177,0.5289713541666667,0.064,1.4712770031574345,0.5107421875,0.335,0.4610612831809324,0.5494791666666667,0.0,2.6416451850642484
MI,0.5143229166666667,0.229,0.7583055195415638,0.5149739583333333,0.329,0.4756607314053896,0.48177083333333337,0.739,-0.6450359094483162,0.6028645833333333,0.0,5.171527164087871,0.5846354166666667,0.003,3.095370368978733,0.5859375,0.0,3.1647750922032865,0.517578125,0.203,0.8600903657359291,0.5,0.489,0.03069505618401883,0.5830078125,0.0,4.2824264405440315
Pir,0.46158854166666663,0.979,-2.0508309450074673,0.48697916666666663,0.681,-0.49260998266112416,0.5084635416666666,0.403,0.33534984414058966,0.5755208333333333,0.0,3.837902702084295,0.5891927083333333,0.0,3.1120495530244674,0.5514322916666667,0.031,1.82467428683895,0.4853515625,0.775,-0.768673410366021,0.4791666666666667,0.847,-1.009433629034985,0.5817057291666667,0.0,4.1585838476505295
AVI,0.5325520833333333,0.049,1.644409128097049,0.5078125,0.406,0.28077295670638736,0.5416666666666667,0.071,1.4957238900784313,0.5758463541666667,0.0,3.8073154923750403,0.5677083333333333,0.009,2.341000999109165,0.5755208333333333,0.003,2.6621732376852947,0.533203125,0.052,1.588957483317242,0.5107421875,0.297,0.5164566341201055,0.57421875,0.0,3.7307998515378737
AAIC,0.5029296875,0.452,0.15685904343708978,0.501953125,0.517,0.0014222038436460986,0.498046875,0.528,-0.05788434224422713,0.5657552083333333,0.0,3.2217665233261172,0.5299479166666667,0.144,1.0834324518139395,0.5885416666666667,0.001,3.3451141725831763,0.5192057291666667,0.173,0.9415885202129486,0.486328125,0.767,-0.7026009976726985,0.5501302083333333,0.003,2.570398908611179
FOP1,0.5152994791666666,0.229,0.7495580365597482,0.51171875,0.346,0.41541723119010665,0.46549479166666663,0.887,-1.2020152375061215,0.6038411458333333,0.0,5.208609775745276,0.5729166666666667,0.006,2.5613089304184014,0.568359375,0.005,2.5391809064573923,0.5094401041666667,0.318,0.4800950159764612,0.5110677083333334,0.279,0.5922445387918478,0.564453125,0.001,3.3425764940870004
FOP3,0.48014322916666663,0.856,-1.019813062991401,0.45442708333333337,0.956,-1.6242987900679087,0.5403645833333333,0.065,1.4502874536974573,0.5934244791666667,0.0,4.721440542987391,0.5598958333333333,0.018,2.095614376008522,0.5651041666666667,0.015,2.2296722380438054,0.5016276041666667,0.484,0.07871697427149625,0.49153645833333337,0.667,-0.4045817796227306,0.5641276041666666,0.0,3.3800175832284127
FOP2,0.4912109375,0.676,-0.45454474762925573,0.5149739583333333,0.299,0.5454789512357333,0.494140625,0.593,-0.21932939914076593,0.5690104166666667,0.0,3.2735652334187733,0.5924479166666667,0.001,3.334358188843933,0.5813802083333333,0.002,2.8944667382541835,0.5146484375,0.235,0.7094361122870885,0.5016276041666667,0.469,0.08546119634184135,0.5634765625,0.0,3.4022525662648464
PFt,0.5826822916666667,0.0,4.177681987922817,0.537109375,0.098,1.3456963800859785,0.5494791666666667,0.04,1.7402694285621527,0.6305338541666667,0.0,6.773029201529037,0.6184895833333333,0.0,4.29422582518479,0.607421875,0.001,3.839089361043763,0.517578125,0.192,0.8501339098220847,0.5445963541666666,0.011,2.2786629115660744,0.6162109375,0.0,6.1406078675452
AIP,0.5550130208333333,0.006,2.744132027337542,0.5540364583333333,0.024,1.992802667412987,0.568359375,0.006,2.596860318238104,0.6617838541666667,0.0,8.37755436757075,0.6295572916666667,0.0,4.829738703764787,0.6315104166666667,0.0,4.855462545346051,0.515625,0.209,0.8047640618360653,0.5556640625,0.001,2.9160107905270785,0.6383463541666666,0.0,7.348387477800184
EC,0.4983723958333333,0.55,-0.08208253240616381,0.5266927083333333,0.184,0.9067486949784296,0.49153645833333337,0.65,-0.3624668450648126,0.49576822916666663,0.6,-0.21870577257020762,0.501953125,0.485,0.06418401587161456,0.5247395833333334,0.169,0.9736629488748497,0.4993489583333333,0.516,-0.03441712313146115,0.482421875,0.817,-0.9167589303850315,0.49446614583333337,0.609,-0.28744266363878707
PreS,0.4977213541666667,0.528,-0.09973260184374039,0.51171875,0.314,0.43480376944283083,0.505859375,0.42,0.23344978958906223,0.6028645833333333,0.0,5.114282531945744,0.537109375,0.072,1.3963691980309945,0.580078125,0.002,2.8900216323121133,0.5035807291666667,0.415,0.2012088175247417,0.5110677083333334,0.281,0.5797978484754156,0.6041666666666666,0.0,5.42773613462392
H,0.5107421875,0.294,0.5613620843451547,0.49934895833333337,0.487,-0.0014787970647203964,0.5436197916666667,0.047,1.6489295574519298,0.5638020833333333,0.0,3.2817624251644824,0.509765625,0.339,0.42350190043548336,0.5572916666666667,0.015,2.1023548849603415,0.5110677083333333,0.28,0.5711820591973793,0.5045572916666667,0.42,0.24965889664763527,0.5556640625,0.001,3.148695657868576
ProS,0.5162760416666667,0.226,0.7734275596056093,0.5364583333333334,0.083,1.3489162561645567,0.4720052083333333,0.837,-0.9967903561232312,0.6559244791666667,0.0,7.589721521203446,0.650390625,0.0,5.593677989820971,0.6393229166666667,0.0,5.109957850060221,0.5211588541666667,0.155,1.024226206523393,0.49186197916666674,0.651,-0.36343762912353267,0.6139322916666666,0.0,5.986272753075766
PeEc,0.46614583333333337,0.955,-1.674350415495684,0.47526041666666663,0.807,-0.8718684807197558,0.490234375,0.676,-0.4265350466493207,0.5514322916666667,0.002,2.791510795954204,0.5677083333333333,0.006,2.5188820505717975,0.5651041666666667,0.008,2.460318479588176,0.4892578125,0.726,-0.5612662462807481,0.4833984375,0.784,-0.8035714621288418,0.5078125,0.325,0.4610990374991753
STGa,0.5286458333333334,0.078,1.3876189708164837,0.5299479166666667,0.16,0.99712765684377,0.4986979166666667,0.547,-0.10633311338191534,0.5647786458333333,0.0,3.3914715606443573,0.5930989583333333,0.0,3.4751681994244263,0.5592447916666666,0.012,2.2093616669498837,0.517578125,0.207,0.9023164616194521,0.5006510416666666,0.473,0.06759160132023743,0.5426432291666666,0.018,2.27643934509978
PBelt,0.5260416666666667,0.084,1.2913249210936588,0.47265625,0.846,-0.9998489012295059,0.537109375,0.081,1.367248255965389,0.5716145833333333,0.0,3.639340688131627,0.5618489583333333,0.018,2.159014169464378,0.5696614583333333,0.003,2.5506555272860054,0.5022786458333334,0.432,0.15998464869163218,0.5231119791666666,0.12,1.192690125146938,0.5387369791666666,0.029,2.0359701224122664
A5,0.509765625,0.307,0.535191538492775,0.5071614583333333,0.4,0.25924219160912515,0.5188802083333333,0.274,0.6597972683781749,0.5846354166666667,0.0,4.415618709894329,0.6100260416666667,0.0,4.285825466225296,0.5390625,0.085,1.375559184431313,0.5081380208333333,0.346,0.3909788514912268,0.5139973958333334,0.232,0.7384358676295864,0.580078125,0.0,4.226205885984754
PHA1,0.564453125,0.0,3.246552285559196,0.5325520833333333,0.116,1.1760124829524594,0.548828125,0.051,1.684051905640487,0.6399739583333333,0.0,7.12783745067777,0.607421875,0.0,3.9940963049994798,0.6171875,0.0,4.334466237756416,0.5045572916666667,0.396,0.25073596730099523,0.53125,0.071,1.538656753784018,0.6321614583333334,0.0,6.753438688593297
PHA3,0.5546875,0.002,2.790952908636985,0.6184895833333333,0.0,4.220709310905161,0.548828125,0.04,1.7386440015267832,0.6077473958333333,0.0,5.545878256897507,0.5651041666666667,0.009,2.377122664519261,0.6360677083333333,0.0,4.8572459477695205,0.4964192708333333,0.585,-0.20311822455210224,0.5699869791666666,0.0,3.580014250888833,0.6067708333333334,0.0,5.778559366006088
STSda,0.5143229166666667,0.241,0.7028514435078259,0.5364583333333333,0.111,1.274641810597581,0.5227864583333333,0.202,0.8336667414946807,0.5807291666666667,0.0,4.095021436047356,0.5930989583333333,0.001,3.336015402708982,0.5364583333333333,0.105,1.3276283616234745,0.5094401041666667,0.35,0.4001775232904361,0.5032552083333334,0.467,0.15318206266607146,0.5322265625,0.036,1.7817081203779022
STSdp,0.541015625,0.025,2.054055091323432,0.513671875,0.304,0.5004342368453035,0.5416666666666667,0.067,1.5015555799458549,0.6207682291666667,0.0,6.086142151844447,0.5885416666666667,0.0,3.2467724359725345,0.6015625,0.0,3.6819200969623123,0.4768880208333333,0.876,-1.1333915028049903,0.5436197916666666,0.013,2.242212992742884,0.623046875,0.0,6.548351581657499
STSvp,0.5361328125,0.034,1.8018840709585018,0.55078125,0.039,1.812782770760361,0.490234375,0.622,-0.3304940247057625,0.59765625,0.0,5.024228346026163,0.6080729166666667,0.0,3.961662432197136,0.591796875,0.0,3.2393823598030016,0.5084635416666666,0.348,0.42486008847128376,0.5270182291666666,0.089,1.382547329765715,0.5852864583333334,0.0,4.491563549938929
TGd,0.5068359375,0.364,0.3481128225312821,0.4889322916666667,0.689,-0.48311515705624924,0.5026041666666667,0.478,0.08957677847152554,0.5823567708333333,0.0,4.397589074982366,0.583984375,0.001,3.164000080132715,0.5872395833333333,0.0,3.240225348685243,0.5231119791666667,0.109,1.238071679574252,0.5016276041666667,0.451,0.07941804405059985,0.5895182291666666,0.0,4.989936150700208
TE1a,0.498046875,0.553,-0.12420365275487397,0.490234375,0.667,-0.40362405831355885,0.490234375,0.644,-0.3845934898490767,0.5397135416666667,0.014,2.1521223914502428,0.5358072916666666,0.095,1.3673828186817139,0.5345052083333333,0.103,1.276563466103107,0.494140625,0.661,-0.3783398255825398,0.4908854166666667,0.689,-0.46224327938423065,0.5276692708333334,0.065,1.474109746760928
TE1p,0.56640625,0.002,3.2600915582028267,0.5260416666666667,0.19,0.9169493841672551,0.5123697916666667,0.321,0.4376267307008184,0.6448567708333333,0.0,7.404978493464965,0.6360677083333333,0.0,5.176856025462294,0.6549479166666667,0.0,6.047809428076459,0.517578125,0.195,0.8789929947676606,0.5166015625,0.197,0.8575839885029128,0.62109375,0.0,6.758803701006646
TE2a,0.5003255208333334,0.49,0.03379016777820488,0.47135416666666663,0.864,-1.0775745506743837,0.5319010416666667,0.109,1.2313721937148432,0.5364583333333333,0.023,1.9848019678871325,0.544921875,0.043,1.7454390599931924,0.515625,0.299,0.5992960211501068,0.48209635416666663,0.818,-0.943161649203954,0.5081380208333333,0.318,0.46716708215159475,0.5455729166666666,0.002,2.4455535455682087
TF,0.58203125,0.0,4.344707493802489,0.5559895833333333,0.015,2.108107948684313,0.5950520833333333,0.0,3.590866210511063,0.6233723958333333,0.0,6.593920430070318,0.5891927083333334,0.0,3.344031232319432,0.6106770833333333,0.0,4.095020059043451,0.5009765625,0.481,0.04505317652736369,0.5638020833333333,0.001,3.3305468717922926,0.6142578125,0.0,6.339079628069429
TE2p,0.5817057291666667,0.0,4.168983989427189,0.5553385416666667,0.014,2.0658817817618846,0.57421875,0.0,2.699152578924338,0.6962890625,0.0,9.862500634275031,0.6959635416666667,0.0,7.201992729458444,0.6829427083333333,0.0,6.888018760081067,0.5123697916666667,0.262,0.6232604052477962,0.5553385416666666,0.0,2.9522288120849476,0.6585286458333334,0.0,8.666664047019081
PHT,0.6012369791666667,0.0,5.067087833903417,0.603515625,0.0,3.6068842396131138,0.6015625,0.0,3.685342921581669,0.6643880208333333,0.0,8.484116408485551,0.6927083333333333,0.0,6.880389034987695,0.6354166666666667,0.0,5.01576997580119,0.515625,0.235,0.7668168093274177,0.5550130208333333,0.002,2.883427881089431,0.6207682291666667,0.0,6.346130748273864
PH,0.5979817708333333,0.0,5.086694864631561,0.6100260416666667,0.0,3.9241420386926533,0.615234375,0.0,4.3508503791020425,0.7718098958333333,0.0,13.809139030741974,0.76171875,0.0,9.820948394187582,0.7233072916666667,0.0,8.119613773201838,0.5426432291666666,0.008,2.317525805380866,0.5797526041666666,0.0,4.413106338054005,0.7132161458333333,0.0,11.1456144383032
TPOJ1,0.568359375,0.0,3.456801788962509,0.56640625,0.011,2.34157047044272,0.5455729166666667,0.043,1.6293331198229244,0.6907552083333333,0.0,10.150131567578313,0.67578125,0.0,6.586883119319488,0.6373697916666667,0.0,5.068253284082375,0.5100911458333333,0.336,0.4426234970668049,0.5475260416666666,0.007,2.5561869142415423,0.6666666666666666,0.0,9.19622380205768
TPOJ2,0.58984375,0.0,4.564828017879801,0.587890625,0.001,3.0907360700801867,0.6048177083333334,0.0,4.08160219162833,0.69921875,0.0,10.440545636888515,0.6907552083333333,0.0,6.98739461502144,0.68359375,0.0,6.7108780305205125,0.5452473958333333,0.018,2.2657390198264107,0.5690104166666666,0.001,3.585454243932699,0.6497395833333334,0.0,8.179591185722895
TPOJ3,0.5787760416666667,0.0,4.183316023230395,0.5592447916666667,0.019,2.105655205282473,0.5748697916666667,0.002,2.6793475485101017,0.6595052083333333,0.0,8.015896951126207,0.6165364583333333,0.0,4.167050453506592,0.669921875,0.0,6.116457743499967,0.5348307291666666,0.036,1.730101867310781,0.5276692708333334,0.068,1.4922773971186714,0.6087239583333333,0.0,5.419876607402808
DVT,0.6266276041666667,0.0,6.197718664232504,0.6158854166666667,0.0,4.184179811949378,0.65234375,0.0,5.5169020869515215,0.7154947916666667,0.0,10.43352339690292,0.7356770833333333,0.0,8.87909997519244,0.7330729166666667,0.0,8.42041063797163,0.5693359375,0.0,3.5347090379840282,0.5579427083333334,0.003,2.959036641115541,0.6546223958333334,0.0,8.120822070417837
PGp,0.6165364583333333,0.0,6.141630200874382,0.5494791666666667,0.043,1.7512739745202528,0.685546875,0.0,6.508092869291698,0.7106119791666667,0.0,11.132663477411054,0.6940104166666667,0.0,7.240050971688825,0.7389322916666667,0.0,8.66967225018274,0.5533854166666667,0.001,2.840027101812203,0.619140625,0.0,6.231281930339121,0.6637369791666667,0.0,8.530314761749803
IP2,0.5953776041666667,0.0,4.679653841423851,0.5983072916666667,0.0,3.50259857218665,0.5774739583333333,0.005,2.7048155884013245,0.685546875,0.0,9.390997743112697,0.6516927083333333,0.0,5.5494647969496675,0.6875,0.0,6.970530599206668,0.5065104166666666,0.388,0.2868017814091105,0.5794270833333333,0.0,3.8932790134172954,0.6516927083333334,0.0,7.711400285133975
IP1,0.6422526041666667,0.0,7.0290154882621065,0.599609375,0.0,3.5978213259672103,0.6477864583333333,0.0,5.326592695338875,0.7317708333333333,0.0,11.95585437130164,0.6861979166666667,0.0,6.7176500390750595,0.712890625,0.0,7.708598718657642,0.5094401041666666,0.305,0.5215795270510972,0.6139322916666667,0.0,5.86481541479994,0.7080078125,0.0,11.097530579041527
IP0,0.6168619791666667,0.0,6.136312811058509,0.5729166666666667,0.004,2.703266024490019,0.6803385416666667,0.0,6.592139864436729,0.7135416666666667,0.0,10.66202966875688,0.7076822916666667,0.0,7.647141570200828,0.7291666666666667,0.0,8.175404598771246,0.5677083333333333,0.0,3.6115167374190693,0.5924479166666667,0.0,4.768093680943958,0.6422526041666666,0.0,7.272885596301542
PFop,0.5319010416666667,0.056,1.5661138382905915,0.51953125,0.268,0.6664086662471347,0.4921875,0.601,-0.29573734012568503,0.5735677083333333,0.0,3.8191093653399544,0.6022135416666667,0.0,3.694290323301315,0.5807291666666666,0.004,2.8653103865382303,0.5113932291666666,0.29,0.6020704653184324,0.5084635416666667,0.324,0.49226545767252566,0.5914713541666667,0.0,4.812674543471011
PF,0.625,0.0,6.671837409025916,0.619140625,0.0,4.30965638214053,0.6080729166666667,0.0,3.877903919965474,0.7001953125,0.0,10.136737331633013,0.6510416666666667,0.0,5.6290177943128015,0.6770833333333333,0.0,6.370484492044193,0.5289713541666667,0.064,1.5106250641477408,0.6041666666666666,0.0,5.272498450005385,0.6360677083333334,0.0,7.520446481425957
PFm,0.5364583333333333,0.037,1.8372780490952725,0.541015625,0.068,1.4945798317968793,0.5364583333333333,0.091,1.3097673868969821,0.7102864583333333,0.0,10.878606760701963,0.6848958333333333,0.0,6.948678595218111,0.6712239583333333,0.0,6.2880667835398665,0.5003255208333334,0.496,0.033903657142916314,0.5514322916666666,0.004,2.740233394084975,0.6735026041666666,0.0,9.216601956735504
PGi,0.6038411458333333,0.0,5.489192946458452,0.6015625,0.0,3.8454939611261616,0.5598958333333333,0.011,2.1299752836388994,0.6881510416666667,0.0,10.304744692644297,0.6809895833333333,0.0,6.982142320694048,0.6953125,0.0,7.086628520822573,0.5169270833333333,0.202,0.877848333484319,0.5830078125,0.0,4.534738937643233,0.6598307291666667,0.0,8.579474513829012
PGs,0.5911458333333333,0.0,4.760392446198198,0.5475260416666667,0.038,1.7702889046758674,0.6204427083333333,0.0,4.411669718642404,0.6832682291666667,0.0,9.515476060181223,0.671875,0.0,6.434354315426531,0.6790364583333333,0.0,6.536082391384426,0.53515625,0.038,1.8202536249088432,0.5690104166666667,0.001,3.670157233375387,0.658203125,0.0,8.62299984855196
V6A,0.5784505208333333,0.0,3.8045203141256083,0.578125,0.005,2.608503023368375,0.6328125,0.0,4.659068781454975,0.6725260416666667,0.0,8.695059855163006,0.6477864583333333,0.0,5.0851195939145875,0.671875,0.0,6.123648762481486,0.5491536458333334,0.007,2.4460291042402935,0.552734375,0.004,2.6910266558227645,0.5973307291666666,0.0,4.935691147021305
VMV1,0.5843098958333333,0.0,4.184853206918777,0.59765625,0.0,3.493437632695827,0.5358072916666666,0.101,1.286468901482341,0.7281901041666667,0.0,11.459671948845859,0.6985677083333333,0.0,7.0912989209352215,0.7174479166666667,0.0,7.959240810531354,0.5201822916666667,0.149,0.9936737361213585,0.5540364583333333,0.002,2.9146211900247674,0.7001953125,0.0,10.13075379602961
VMV3,0.6197916666666667,0.0,5.96867874188126,0.6380208333333333,0.0,4.922570454697752,0.5983072916666667,0.0,3.4729711473892872,0.7083333333333333,0.0,10.23579794303028,0.6634114583333333,0.0,5.912427197593963,0.7233072916666667,0.0,8.140496439222423,0.5052083333333334,0.383,0.27385696545404314,0.6103515625,0.0,5.587771344077116,0.6666666666666666,0.0,8.503825696979003
PHA2,0.5830078125,0.0,3.985166517982124,0.5520833333333333,0.025,1.8739066274112792,0.5481770833333334,0.032,1.7318485624658668,0.6044921875,0.0,5.237439473635558,0.57421875,0.004,2.6452675915132593,0.5859375,0.002,3.117881985280185,0.4944661458333333,0.611,-0.26481560193848513,0.5550130208333334,0.002,2.8491539913766353,0.5735677083333333,0.0,3.936216940315273
V4t,0.546875,0.009,2.310227064436368,0.5279947916666667,0.154,1.0368681221721534,0.5872395833333333,0.002,2.921315542401558,0.6839192708333333,0.0,8.937805918224864,0.6959635416666667,0.0,6.950708606875982,0.68359375,0.0,6.728206203421333,0.529296875,0.061,1.522197292091058,0.5553385416666666,0.004,2.837652073366988,0.6412760416666666,0.0,7.273998090100476
FST,0.5989583333333333,0.0,5.0331117039652025,0.5768229166666667,0.005,2.7458399482720894,0.5872395833333333,0.004,3.019373885484645,0.6630859375,0.0,8.235375249287676,0.669921875,0.0,6.403589599511004,0.6516927083333333,0.0,5.612540760497883,0.5393880208333333,0.026,1.9014152655050496,0.5738932291666667,0.0,3.9151504115912026,0.6305338541666666,0.0,6.787488078148679
V3CD,0.6468098958333333,0.0,7.670785880061025,0.54296875,0.074,1.4527593152502307,0.720703125,0.0,7.675161448121078,0.7568359375,0.0,12.988838566354636,0.7063802083333333,0.0,7.456111490266193,0.7766927083333333,0.0,9.771404732028879,0.5823567708333333,0.0,4.244016394838913,0.5797526041666666,0.0,4.075568443414066,0.7047526041666666,0.0,10.410458345028166
LO3,0.5257161458333333,0.088,1.3793408084866976,0.46744791666666663,0.878,-1.1412659407117285,0.6061197916666667,0.0,3.743055779706802,0.6884765625,0.0,9.566662922768051,0.6484375,0.0,5.438929232775994,0.7467447916666667,0.0,8.918729574283072,0.5595703125,0.004,2.864003173418798,0.4811197916666667,0.836,-0.9709189871522529,0.63671875,0.0,7.021869997374674
VMV2,0.6181640625,0.0,5.998725790956718,0.6399739583333333,0.0,4.849979970635601,0.5930989583333333,0.0,3.3018171745643925,0.6845703125,0.0,9.409861496090846,0.673828125,0.0,6.2119816560985095,0.6790364583333333,0.0,6.220670909011648,0.509765625,0.276,0.603182978063032,0.5895182291666666,0.0,4.387275905167803,0.67578125,0.0,9.101313233164197
31pd,0.5263671875,0.113,1.236567437348575,0.494140625,0.597,-0.234247410730395,0.5787760416666667,0.005,2.6602425965163854,0.6393229166666667,0.0,6.861162210686556,0.6178385416666667,0.0,4.088041536767765,0.5924479166666667,0.0,3.314318845698201,0.5218098958333333,0.149,1.093576413143924,0.5104166666666667,0.294,0.5683777415981716,0.5865885416666667,0.0,4.52987428846897
31a,0.5885416666666667,0.0,4.397521870565573,0.5559895833333334,0.023,1.9007739127027634,0.55859375,0.019,2.0407523021136855,0.6106770833333333,0.0,5.448061767025826,0.5696614583333333,0.009,2.354445802215828,0.5983072916666667,0.0,3.508549358270162,0.5192057291666667,0.163,0.9569969331274166,0.5638020833333334,0.0,3.3527696530523046,0.6100260416666666,0.0,5.6446118064623345
VVC,0.5859375,0.0,4.378407145561543,0.61328125,0.0,4.0367119759658,0.5904947916666667,0.0,3.242754913332283,0.7021484375,0.0,10.148034951967997,0.6516927083333333,0.0,5.687826979521055,0.7024739583333333,0.0,7.706720673332404,0.5328776041666667,0.045,1.6535669685735381,0.5992838541666666,0.0,5.170630899157265,0.654296875,0.0,8.208775004602083
25,0.50390625,0.41,0.1945891576818881,0.5104166666666667,0.37,0.36421366315167547,0.490234375,0.634,-0.3309189307238264,0.5335286458333333,0.033,1.76141737809302,0.5384114583333333,0.096,1.3627428132888748,0.572265625,0.003,2.7160311474631893,0.4983723958333333,0.544,-0.06637637520436321,0.533203125,0.048,1.6911679455711566,0.5201822916666666,0.147,1.005659834969021
s32,0.5231119791666667,0.097,1.2157424153178178,0.505859375,0.438,0.23983526231679253,0.49348958333333337,0.599,-0.24261654812059782,0.5227864583333333,0.15,1.0567125301353617,0.5208333333333333,0.222,0.7507159808083166,0.52734375,0.172,0.9831185214529227,0.4853515625,0.77,-0.6982415199685299,0.5179036458333334,0.159,0.9488493973994105,0.5302734375,0.062,1.566320504811025
pOFC,0.51171875,0.248,0.6655211523021889,0.533203125,0.111,1.202318419051093,0.470703125,0.865,-1.0963277315859643,0.5198567708333333,0.142,1.0504119769781408,0.5130208333333333,0.335,0.4777676823628436,0.5052083333333334,0.423,0.18421821781807235,0.47591145833333337,0.875,-1.1938214943140664,0.4996744791666667,0.481,0.035510517034507215,0.5478515625,0.003,2.607326482683671
PoI1,0.47200520833333337,0.915,-1.3710156949537655,0.5013020833333333,0.465,0.07888420780116065,0.501953125,0.475,0.06970853342428646,0.560546875,0.003,3.033319061694653,0.5631510416666667,0.008,2.3010367623644563,0.5377604166666667,0.101,1.2990700386314014,0.5120442708333333,0.283,0.5772147959103497,0.48763020833333337,0.72,-0.6020579740444557,0.5452473958333334,0.009,2.3659187299499878
Ig,0.4837239583333333,0.804,-0.8648117283194101,0.5384114583333334,0.089,1.329301018130301,0.4921875,0.614,-0.2614968919473872,0.5787760416666667,0.0,3.8894100122784856,0.5690104166666667,0.008,2.42625389754429,0.5592447916666667,0.012,2.183300732095202,0.5296223958333333,0.063,1.5401823672562118,0.49446614583333337,0.629,-0.33440325561732015,0.5335286458333333,0.046,1.6994700420396767
FOP5,0.5198567708333333,0.165,1.0227951885052309,0.5559895833333333,0.021,2.0496564759951537,0.4811197916666667,0.755,-0.7352867410895304,0.5462239583333333,0.011,2.368837848734101,0.48958333333333337,0.623,-0.31826005169347893,0.5833333333333333,0.001,2.9993158491496392,0.5205078125,0.132,1.091759669449612,0.482421875,0.817,-0.8880091031683134,0.5481770833333334,0.01,2.5329778198839374
p10p,0.5439453125,0.011,2.316898902758375,0.51171875,0.348,0.38708349252477137,0.5670572916666667,0.007,2.5773398885594263,0.6149088541666667,0.0,6.000055931761828,0.6197916666666667,0.0,4.205399333039029,0.5768229166666667,0.002,2.764430468573988,0.513671875,0.24,0.7109182955367043,0.5084635416666667,0.307,0.46801774688931547,0.5895182291666666,0.0,4.719569801925835
p47r,0.5013020833333334,0.459,0.09937936525776082,0.5305989583333333,0.157,1.0637080123819642,0.49609375,0.551,-0.15640639947468707,0.6168619791666667,0.0,5.913995647082601,0.6217447916666667,0.0,4.344013509217582,0.6165364583333333,0.0,4.261024182417581,0.48828125,0.706,-0.5516604265246652,0.5247395833333333,0.111,1.2528526462811782,0.6051432291666667,0.0,5.550009309408688
TGv,0.46712239583333337,0.963,-1.689685490057263,0.4947916666666667,0.571,-0.15638936846962564,0.5,0.499,0.01119282321078985,0.5638020833333333,0.001,3.190809278708656,0.5625,0.009,2.3110672066409306,0.5390625,0.065,1.498705463773287,0.5071614583333334,0.355,0.39507433576589845,0.4635416666666667,0.975,-1.9681808670349399,0.5387369791666666,0.017,2.0913295264107257
MBelt,0.4986979166666667,0.528,-0.05389801687658139,0.5221354166666667,0.218,0.8038373980922412,0.45833333333333337,0.932,-1.4808251329126547,0.576171875,0.0,3.849465008829911,0.53515625,0.101,1.2895744471545212,0.5598958333333333,0.014,2.1618484179722297,0.5055338541666666,0.379,0.30513796206027693,0.49609375,0.601,-0.21678625010012564,0.5501302083333334,0.008,2.549499326415351
LBelt,0.4622395833333333,0.967,-1.7966641055993924,0.45768229166666663,0.937,-1.4764586632443288,0.4791666666666667,0.753,-0.7033552142225445,0.5755208333333333,0.0,3.7748122476064796,0.5807291666666667,0.002,2.915974527211448,0.5631510416666667,0.008,2.314559895659223,0.5299479166666667,0.062,1.5201102896367913,0.4469401041666667,0.997,-2.6410777418302094,0.5611979166666667,0.001,3.1472296300684537
A4,0.51953125,0.157,1.0144075656868918,0.5026041666666666,0.456,0.08396104486719097,0.5338541666666667,0.112,1.2429959320433293,0.6253255208333333,0.0,6.434051512154644,0.6022135416666667,0.0,3.743303558195044,0.5572916666666667,0.013,2.128168328545394,0.4892578125,0.718,-0.5737339597603917,0.5143229166666667,0.224,0.7498123354177622,0.5904947916666666,0.0,4.953727418541667
STSva,0.4899088541666667,0.674,-0.4945745155998752,0.5065104166666667,0.439,0.1962128663182249,0.49739583333333337,0.556,-0.142950763180602,0.5579427083333333,0.003,2.7721180564221624,0.55859375,0.013,2.1812075025444444,0.537109375,0.088,1.3819212162743477,0.5201822916666667,0.154,1.0113552602216345,0.4720052083333333,0.915,-1.3633565642154186,0.5400390625,0.02,2.117501170031732
TE1m,0.4798177083333333,0.855,-1.0183285175150412,0.5084635416666667,0.368,0.32819849502235365,0.4635416666666667,0.918,-1.3713689744318684,0.5732421875,0.0,3.94198771588822,0.5546875,0.018,2.081074094243268,0.5631510416666667,0.01,2.3163820119721863,0.5045572916666667,0.42,0.230547894285829,0.5087890625,0.336,0.472800441513542,0.5872395833333334,0.0,4.8486571445494775
PI,0.5081380208333334,0.344,0.43046974133658655,0.525390625,0.202,0.8702514410791796,0.5423177083333334,0.055,1.579846704381652,0.5530598958333333,0.002,2.6362909580962106,0.544921875,0.067,1.5335290251456541,0.55078125,0.042,1.8198476843330427,0.5364583333333333,0.035,1.835113702812239,0.4807942708333333,0.855,-1.0648809626804994,0.5218098958333334,0.135,1.12477024372883
a32pr,0.4947916666666667,0.6,-0.24805389546184395,0.5319010416666667,0.154,1.065728850954663,0.5104166666666667,0.37,0.34929370453588315,0.5787760416666667,0.0,3.8433922699256553,0.5384114583333334,0.084,1.3864877111184646,0.5846354166666667,0.0,3.075517863548308,0.5026041666666666,0.464,0.05822511751561044,0.5227864583333333,0.124,1.1791457678545947,0.5768229166666667,0.0,3.967462921384689
p24,0.48958333333333337,0.72,-0.5690111961014483,0.4850260416666667,0.704,-0.511619939064778,0.4765625,0.81,-0.8551285321931559,0.5895182291666667,0.0,4.658617515857987,0.5501302083333333,0.043,1.7731849829099426,0.5826822916666667,0.001,2.973452061389788,0.4905598958333333,0.699,-0.4811661898561327,0.4986979166666667,0.55,-0.09384605541916075,0.5836588541666667,0.0,4.367510365289845
