ROI,Feature_Decoding_Accuracy,Feature_Decoding_pval,Feature_Decoding_zval,Feature_Decoding_Accuracy(P),Feature_Decoding_pval(P),Feature_Decoding_zval(P),Feature_Decoding_Accuracy(WM),Feature_Decoding_pval(WM),Feature_Decoding_zval(WM),Task_Decoding_Accuracy,Task_Decoding_pval,Task_Decoding_zval,Task_Decoding_Accuracy(F),Task_Decoding_pval(F),Task_Decoding_zval(F),Task_Decoding_Accuracy(S),Task_Decoding_pval(S),Task_Decoding_zval(S),XOR_Decoding_Accuracy,XOR_Decoding_pval,XOR_Decoding_zval,CCGP_Feature_Decoding_Accuracy,CCGP_Feature_Decoding_pval,CCGP_Feature_Decoding_zval,CCGP_Task_Decoding_Accuracy,CCGP_Task_Decoding_pval,CCGP_Task_Decoding_zval,Shattering_Dimensionality
V1,0.6689453125,0.0,9.10313678763576,0.703125,0.0,7.763727605655355,0.6640625,0.0,6.059888394212744,0.9873046875,0.0,26.69657793432655,0.978515625,0.0,18.358379635230396,0.98046875,0.0,19.076642416698828,0.5771484375,0.0,4.336716952582665,0.572265625,0.0,4.310489297233941,0.974609375,0.0,25.909079404838643,0.7444661458333334
MST,0.5703125,0.0,3.6467162048831026,0.583984375,0.003,2.8659748600523787,0.587890625,0.002,3.0120463595311757,0.7890625,0.0,15.016963204847006,0.763671875,0.0,9.570357828780523,0.767578125,0.0,10.197302388624633,0.5166015625,0.232,0.8047827870649032,0.5556640625,0.003,2.8442625740364633,0.77734375,0.0,14.258196281586553,0.6253255208333334
V6,0.6806640625,0.0,9.133903580872444,0.708984375,0.0,7.6728191416750535,0.685546875,0.0,6.5517993743868015,0.8662109375,0.0,18.402165283479352,0.884765625,0.0,13.80767680200959,0.880859375,0.0,14.583129947189885,0.619140625,0.0,5.866898691432277,0.599609375,0.0,5.578307932369033,0.830078125,0.0,17.47530065817491,0.7220052083333334
V2,0.71875,0.0,11.835863847493794,0.75,0.0,9.595385849255772,0.73046875,0.0,8.955391035563649,0.9892578125,0.0,26.58735142002068,0.978515625,0.0,17.345289478801533,0.98046875,0.0,17.767020751739235,0.6044921875,0.0,5.661804264914945,0.638671875,0.0,7.746927661241175,0.982421875,0.0,26.694746865143596,0.7708333333333334
V3,0.6943359375,0.0,9.9566444428895,0.7109375,0.0,7.971341239263865,0.73828125,0.0,9.389982833201685,0.9892578125,0.0,26.403816891481295,0.990234375,0.0,18.894461268499875,0.986328125,0.0,18.598348215475085,0.6298828125,0.0,6.998298714121217,0.5986328125,0.0,5.798727899088547,0.9873046875,0.0,26.815163906027642,0.7711588541666666
V4,0.7197265625,0.0,11.51424486825905,0.724609375,0.0,8.674722770917537,0.74609375,0.0,9.111852936970402,0.9931640625,0.0,25.46149174227696,0.990234375,0.0,17.975257822292175,0.994140625,0.0,18.644948924301183,0.6474609375,0.0,7.634821609171469,0.62109375,0.0,6.839492960429912,0.9921875,0.0,26.189356618384668,0.7867838541666666
V8,0.646484375,0.0,7.233636004352479,0.662109375,0.0,6.01716664677693,0.634765625,0.0,4.883044549489218,0.98046875,0.0,24.169072674925676,0.97265625,0.0,17.007904597929357,0.978515625,0.0,17.62112628125587,0.5732421875,0.0,3.6546276217832108,0.5732421875,0.0,4.056498003084777,0.97265625,0.0,25.76049754222622,0.7333984375
4,0.54296875,0.016,2.2027935168982697,0.50390625,0.471,0.12830651271591662,0.580078125,0.0,3.048912721442063,0.7294921875,0.0,12.168311627689144,0.751953125,0.0,9.338904129668396,0.732421875,0.0,8.491792940633042,0.5380859375,0.02,2.1017842863836087,0.53515625,0.028,1.9920116745012408,0.6982421875,0.0,11.32465526390205,0.603515625
3b,0.5224609375,0.133,1.1422722996473658,0.49609375,0.585,-0.1742134889189929,0.572265625,0.004,2.776290157807947,0.7158203125,0.0,11.547872950821159,0.724609375,0.0,8.615171819663933,0.732421875,0.0,9.223948689653827,0.517578125,0.175,0.9527030410756282,0.498046875,0.552,-0.12260607668455513,0.736328125,0.0,12.99910526728757,0.5852864583333334
FEF,0.6318359375,0.0,6.657834094480564,0.6484375,0.0,5.567748083063673,0.61328125,0.0,4.343326668797632,0.8056640625,0.0,15.605886985604927,0.78515625,0.0,10.54967647508001,0.802734375,0.0,11.2892314162366,0.5244140625,0.097,1.318202815056677,0.5751953125,0.0,4.179950546447707,0.7900390625,0.0,15.078421741092372,0.6539713541666666
PEF,0.619140625,0.0,5.820937612839964,0.57421875,0.005,2.6479226667037143,0.599609375,0.0,3.593306029046951,0.806640625,0.0,15.690766729360725,0.7890625,0.0,10.068965207418543,0.7890625,0.0,10.410849769043324,0.5234375,0.126,1.1906125671428684,0.568359375,0.0,3.456268538745137,0.783203125,0.0,14.824177864240793,0.6497395833333334
55b,0.5654296875,0.0,3.263950371654836,0.5546875,0.022,2.08174620684188,0.6015625,0.0,3.8265931229917802,0.8349609375,0.0,17.00632411193702,0.810546875,0.0,11.230874170302592,0.7734375,0.0,9.974320207732662,0.52734375,0.078,1.4171922311673624,0.5361328125,0.022,2.011332074318628,0.8076171875,0.0,16.2359249467204,0.642578125
V3A,0.6494140625,0.0,7.637445031381146,0.62890625,0.0,4.765862279083748,0.671875,0.0,6.604385514072771,0.9150390625,0.0,20.503939708810666,0.9375,0.0,16.1475803058434,0.88671875,0.0,14.861740332830458,0.5732421875,0.0,3.681305639742112,0.583984375,0.0,4.424386863775444,0.8837890625,0.0,19.87973461381326,0.7125651041666666
RSC,0.611328125,0.0,5.695460041017127,0.61328125,0.0,4.303575297055787,0.583984375,0.001,3.1498340648536702,0.732421875,0.0,11.919151217591654,0.7265625,0.0,7.980716376860726,0.681640625,0.0,6.788019234156456,0.5234375,0.118,1.2406757354536229,0.576171875,0.0,4.068408066437208,0.6796875,0.0,9.788882049286151,0.6223958333333334
POS2,0.6640625,0.0,8.692357330149305,0.681640625,0.0,6.4810935434277495,0.66796875,0.0,6.302280824356159,0.796875,0.0,14.988465122164648,0.779296875,0.0,10.15972765841645,0.744140625,0.0,8.91884785545567,0.576171875,0.001,3.9533505781902596,0.6123046875,0.0,6.036723620534688,0.7529296875,0.0,13.457153938686522,0.6790364583333334
V7,0.6201171875,0.0,5.999082583159787,0.615234375,0.0,4.163957973567347,0.63671875,0.0,4.914222755742477,0.873046875,0.0,19.287544337287223,0.869140625,0.0,13.278925430110277,0.86328125,0.0,13.180689991570883,0.578125,0.0,3.8032899086809433,0.5595703125,0.002,3.294008025006726,0.8525390625,0.0,18.50711355888064,0.6904296875
IPS1,0.6875,0.0,9.751017870317137,0.681640625,0.0,6.8137552269177,0.6328125,0.0,4.75110585500622,0.830078125,0.0,16.911660803558824,0.802734375,0.0,10.651866481317741,0.8203125,0.0,11.241206311387502,0.576171875,0.0,3.6396204192064143,0.638671875,0.0,7.377317811680557,0.783203125,0.0,14.98435402968042,0.6979166666666666
FFC,0.6708984375,0.0,8.831226192386337,0.650390625,0.0,5.659176890685216,0.671875,0.0,6.3415361117099875,0.955078125,0.0,24.276658771244108,0.9375,0.0,16.40638520181732,0.955078125,0.0,16.84789941194537,0.5654296875,0.0,3.5091183931196874,0.59375,0.0,5.394788201440651,0.9326171875,0.0,24.11595062774044,0.73046875
V3B,0.6279296875,0.0,6.5311610678397525,0.6328125,0.0,4.844476265269011,0.65234375,0.0,5.560068514335388,0.8125,0.0,16.028879026655535,0.802734375,0.0,10.951981174455337,0.77734375,0.0,9.849241148029629,0.564453125,0.0,3.2004988187968055,0.58203125,0.0,4.378181231260279,0.7763671875,0.0,14.6242103037266,0.6682942708333334
LO1,0.640625,0.0,7.229498545605843,0.609375,0.0,3.9400175222477296,0.69140625,0.0,6.902907023459021,0.876953125,0.0,18.506424954862734,0.865234375,0.0,12.378890951709197,0.8515625,0.0,13.087977350965149,0.541015625,0.023,2.040427273416051,0.6279296875,0.0,6.677587646952693,0.8623046875,0.0,18.756556091186958,0.6861979166666666
LO2,0.6435546875,0.0,7.212106956157242,0.654296875,0.0,5.5130401768451955,0.662109375,0.0,5.800701921273626,0.9404296875,0.0,22.64729592435917,0.9375,0.0,15.909442856114824,0.9296875,0.0,15.891910818521403,0.54296875,0.014,2.2110617402894075,0.5712890625,0.0,3.966062481185994,0.9326171875,0.0,23.36832283943819,0.708984375
PIT,0.6240234375,0.0,6.483183585334696,0.609375,0.0,4.103719688410207,0.62890625,0.0,4.700042002181515,0.947265625,0.0,23.04507308621341,0.951171875,0.0,16.066911642082744,0.92578125,0.0,16.00302121565841,0.580078125,0.0,4.080465688776569,0.560546875,0.002,3.2227246622675425,0.9267578125,0.0,22.40822798967227,0.7171223958333334
MT,0.568359375,0.0,3.4028986260612353,0.578125,0.002,2.885738586287487,0.59375,0.001,3.481557830879797,0.814453125,0.0,16.388109207532843,0.814453125,0.0,11.556691346365898,0.783203125,0.0,10.37919467603454,0.525390625,0.089,1.3246328638311815,0.552734375,0.003,2.8153949429019884,0.79296875,0.0,15.373411850878918,0.6360677083333334
A1,0.5009765625,0.515,0.01247880219916023,0.4921875,0.626,-0.27170507398520516,0.54296875,0.063,1.5564849117100497,0.615234375,0.0,5.781667190332746,0.580078125,0.001,2.830428062990286,0.58203125,0.003,2.8701904059857983,0.4873046875,0.749,-0.6133646598004957,0.5224609375,0.105,1.2618273481291404,0.5986328125,0.0,5.178361454166468,0.5345052083333334
PSL,0.6005859375,0.0,5.208401927672711,0.609375,0.0,3.969428044038041,0.66015625,0.0,6.022436391326059,0.841796875,0.0,17.495296699872128,0.87109375,0.0,13.685147519441088,0.826171875,0.0,12.184939392146928,0.568359375,0.0,3.4281830724754174,0.5439453125,0.008,2.433602194456323,0.794921875,0.0,15.539042928553808,0.6702473958333334
SFL,0.583984375,0.0,4.38658340142575,0.576171875,0.001,2.846109851079529,0.638671875,0.0,5.025122115862264,0.701171875,0.0,10.34927283018757,0.724609375,0.0,8.024161687012969,0.671875,0.0,6.323795060738014,0.5458984375,0.009,2.443121944798332,0.546875,0.007,2.5454629372082143,0.6533203125,0.0,8.320760815242302,0.6103515625
PCV,0.6279296875,0.0,6.491399952094809,0.583984375,0.0,3.1238936846735568,0.642578125,0.0,5.343353971710976,0.7265625,0.0,11.31837032525684,0.681640625,0.0,6.851654455303665,0.69921875,0.0,7.704913031278344,0.5400390625,0.016,2.0345391726419075,0.5673828125,0.0,3.6881083727327044,0.66015625,0.0,8.585275696907907,0.6315104166666666
STV,0.6162109375,0.0,5.8925651696606325,0.607421875,0.0,3.935893194149658,0.642578125,0.0,5.094531716842288,0.8251953125,0.0,16.820500639507756,0.845703125,0.0,12.881991251563154,0.8046875,0.0,11.13161902266713,0.5439453125,0.014,2.3612257531189758,0.5810546875,0.0,4.491549505582773,0.8125,0.0,16.919374790846422,0.6617838541666666
7Pm,0.6875,0.0,9.557556899336033,0.6796875,0.0,6.4131263496305015,0.712890625,0.0,7.522617609687878,0.7607421875,0.0,13.216756040770916,0.73828125,0.0,8.741786843809905,0.744140625,0.0,8.982494551257485,0.5849609375,0.0,4.432590471551534,0.5986328125,0.0,5.064877041136188,0.7001953125,0.0,10.688480540493117,0.677734375
7m,0.6318359375,0.0,6.805466842375924,0.640625,0.0,5.114519137379421,0.607421875,0.0,3.907530628475235,0.759765625,0.0,13.349887374908718,0.765625,0.0,9.754116948463755,0.71875,0.0,8.014146820584672,0.5361328125,0.027,1.8381834949605058,0.5888671875,0.0,4.767174695756438,0.7138671875,0.0,10.965995773299367,0.642578125
POS1,0.6357421875,0.0,6.955484430519672,0.681640625,0.0,6.981479054898569,0.568359375,0.002,2.6250435631806908,0.71484375,0.0,10.634115180756902,0.7421875,0.0,9.235528084812923,0.720703125,0.0,8.17751269684363,0.53515625,0.034,1.804431892668656,0.6220703125,0.0,6.63474712688151,0.7021484375,0.0,10.999084285219546,0.6285807291666666
23d,0.552734375,0.003,2.774235426304458,0.5078125,0.43,0.23155212721359245,0.55078125,0.04,1.7905441713730046,0.7109375,0.0,10.453779203726903,0.71484375,0.0,7.528513599419908,0.673828125,0.0,6.227603096698372,0.5146484375,0.248,0.7207800294828546,0.5361328125,0.019,2.022034155131715,0.67578125,0.0,9.422395835665139,0.5927734375
v23ab,0.6640625,0.0,8.081279272812464,0.623046875,0.0,4.470153489227293,0.685546875,0.0,6.78936275031606,0.6962890625,0.0,10.085551224044403,0.6953125,0.0,6.8697398580320685,0.634765625,0.0,5.011961068106332,0.5361328125,0.039,1.80847174868156,0.6259765625,0.0,6.816975702327854,0.6357421875,0.0,6.886055530189436,0.6321614583333334
d23ab,0.5849609375,0.0,4.213769685524265,0.556640625,0.019,2.0420329732030376,0.60546875,0.0,3.858413711864549,0.7236328125,0.0,10.981790963854994,0.7421875,0.0,9.010131452136276,0.66015625,0.0,5.8759631461617445,0.5078125,0.351,0.39668321069820844,0.5595703125,0.004,3.106975982132817,0.6875,0.0,10.026479798891007,0.60546875
31pv,0.5927734375,0.0,4.584989589610597,0.568359375,0.007,2.530452736461392,0.60546875,0.0,3.7582259887049836,0.642578125,0.0,7.346278174829847,0.673828125,0.0,6.383874974086123,0.583984375,0.001,2.9896227213306217,0.5458984375,0.011,2.348800763053692,0.5615234375,0.0,3.231719914489618,0.603515625,0.0,5.612178979168947,0.59375
5m,0.55078125,0.003,2.644592040780194,0.517578125,0.285,0.5790707108664245,0.59765625,0.0,3.409045091543115,0.6220703125,0.0,6.283888142214033,0.65625,0.0,5.692894169870828,0.572265625,0.006,2.707848657045883,0.505859375,0.387,0.2937622010506241,0.5439453125,0.018,2.2677612828849902,0.611328125,0.0,5.821157992027043,0.5595703125
5mv,0.5185546875,0.158,1.0489425595333473,0.521484375,0.235,0.7710569496912851,0.552734375,0.026,2.024885429339194,0.7138671875,0.0,11.179628245818952,0.658203125,0.0,5.88117072431441,0.6640625,0.0,5.932224142512951,0.5576171875,0.002,2.9193320875408997,0.482421875,0.828,-0.9116361284115165,0.658203125,0.0,8.431730943168553,0.5966796875
23c,0.5732421875,0.0,3.6710412833146235,0.56640625,0.008,2.51332943237514,0.59375,0.001,3.5994307324835604,0.7314453125,0.0,11.723613772922608,0.728515625,0.0,8.332050111828341,0.724609375,0.0,8.323020738032659,0.5595703125,0.001,3.0946270305381445,0.5400390625,0.014,2.2416952027526054,0.6796875,0.0,9.265547329156949,0.6214192708333334
5L,0.5595703125,0.002,3.0665479029768314,0.515625,0.31,0.5806277888919522,0.6015625,0.0,3.6293691785601125,0.6064453125,0.0,5.737239673993563,0.59765625,0.0,3.475893130705189,0.58984375,0.002,3.2529897388952205,0.5126953125,0.254,0.6752398240595473,0.5244140625,0.107,1.265338190384588,0.56640625,0.001,3.4408605968936414,0.5595703125
24dd,0.5224609375,0.12,1.1669909830173812,0.560546875,0.008,2.347030280137796,0.521484375,0.22,0.8013036271329662,0.7041015625,0.0,10.222784471298496,0.66015625,0.0,5.794319188061328,0.654296875,0.0,5.862668016069629,0.5302734375,0.059,1.555630157846744,0.48828125,0.768,-0.6626743242808779,0.6494140625,0.0,8.115473413447129,0.5856119791666666
24dv,0.51953125,0.161,1.0276090775565419,0.525390625,0.162,1.054544655981026,0.53515625,0.094,1.2699680457274107,0.6728515625,0.0,9.309656914276484,0.69140625,0.0,6.838058591847821,0.615234375,0.0,4.1286637819594825,0.521484375,0.16,1.0532152394185808,0.5341796875,0.036,1.8574803097811887,0.6494140625,0.0,7.878291266136312,0.5712890625
7AL,0.619140625,0.0,6.115437777186004,0.646484375,0.0,5.227059670858817,0.595703125,0.0,3.45564903421064,0.6767578125,0.0,9.004142759178988,0.70703125,0.0,7.52842188276279,0.654296875,0.0,5.6068160050625115,0.544921875,0.012,2.255891053558218,0.5771484375,0.0,4.1316601632554875,0.6171875,0.0,6.400225338892121,0.6136067708333334
SCEF,0.6005859375,0.0,5.211544919184956,0.552734375,0.028,1.8694400266268358,0.61328125,0.0,4.464662149473883,0.7763671875,0.0,14.398619259991891,0.7890625,0.0,10.444845197923788,0.74609375,0.0,9.316911788306841,0.5458984375,0.005,2.3916980747727044,0.5361328125,0.027,2.028276053778419,0.7490234375,0.0,13.918793162441807,0.6409505208333334
6ma,0.6064453125,0.0,5.487596909811846,0.6171875,0.0,4.3576167599892655,0.6015625,0.0,3.937189194483332,0.7880859375,0.0,14.887119604758256,0.80859375,0.0,11.471240574954525,0.71484375,0.0,8.138470803290089,0.5517578125,0.001,2.748526911385705,0.560546875,0.0,3.336510626782233,0.755859375,0.0,13.160204055592528,0.6487630208333334
7Am,0.6572265625,0.0,7.989237544142161,0.654296875,0.0,5.838952590832097,0.68359375,0.0,6.760996894314482,0.73828125,0.0,12.301255369179104,0.734375,0.0,8.85592843968346,0.701171875,0.0,7.560452996189784,0.5771484375,0.0,3.801405483611246,0.5693359375,0.0,3.5995285652054267,0.6611328125,0.0,8.429024370766726,0.6575520833333334
7PL,0.712890625,0.0,11.032531163819506,0.732421875,0.0,8.408636823025741,0.72265625,0.0,7.989227573369401,0.8115234375,0.0,16.263715018258,0.794921875,0.0,10.893750492031096,0.830078125,0.0,11.523403732777792,0.62890625,0.0,6.560803778178054,0.59375,0.0,5.063367406428054,0.7275390625,0.0,11.794264479826971,0.7177734375
7PC,0.556640625,0.002,2.8209187469136685,0.509765625,0.365,0.38269149589808643,0.5625,0.017,2.2335212421499295,0.775390625,0.0,14.378373102679037,0.71484375,0.0,7.93673738239138,0.75,0.0,9.002357298349818,0.53125,0.057,1.5931677572139726,0.5146484375,0.207,0.8666069919293555,0.728515625,0.0,11.901981339341312,0.62109375
LIPv,0.6259765625,0.0,6.2910764339942995,0.66796875,0.0,6.182911967280464,0.65234375,0.0,5.514648355210368,0.8330078125,0.0,17.341677926956248,0.837890625,0.0,12.174814745662038,0.826171875,0.0,11.813950000758268,0.5859375,0.0,4.31127656351753,0.529296875,0.061,1.5870791718535293,0.7890625,0.0,15.211359107945203,0.681640625
VIP,0.65234375,0.0,7.457609873679027,0.65234375,0.0,5.504780488212319,0.666015625,0.0,5.798541829422524,0.7724609375,0.0,14.00341180270379,0.78125,0.0,10.486854383463518,0.75,0.0,9.110488575882716,0.5732421875,0.0,3.6865698509407285,0.546875,0.011,2.4635359345567247,0.751953125,0.0,13.592117039054829,0.666015625
MIP,0.69921875,0.0,10.566902732617631,0.70703125,0.0,7.488442856281906,0.71484375,0.0,7.864006824484662,0.857421875,0.0,18.347735491049367,0.841796875,0.0,11.893176114172547,0.86328125,0.0,13.54866029449506,0.5693359375,0.0,3.565632814900173,0.658203125,0.0,8.77553821566732,0.841796875,0.0,17.902882038613377,0.7086588541666666
1,0.5224609375,0.11,1.2394886098632691,0.51171875,0.34,0.4294057507540462,0.578125,0.0,3.1091663260817475,0.755859375,0.0,13.45312089967006,0.751953125,0.0,9.684399705678901,0.740234375,0.0,9.262122013969039,0.5224609375,0.124,1.2429428009666188,0.5166015625,0.185,0.9287154684261407,0.7392578125,0.0,13.17715134848216,0.6002604166666666
2,0.5166015625,0.199,0.8964238319047644,0.5078125,0.381,0.3432921739440801,0.54296875,0.059,1.6005569709783072,0.7626953125,0.0,13.551301002443758,0.740234375,0.0,9.175961784930019,0.759765625,0.0,9.870399207519458,0.4931640625,0.644,-0.33527181322079114,0.5068359375,0.379,0.31205209015676116,0.7587890625,0.0,14.423257643399094,0.5908203125
3a,0.5234375,0.109,1.2642017788386644,0.513671875,0.332,0.45423717901326954,0.587890625,0.0,3.3502322177161536,0.6943359375,0.0,9.861128474217404,0.677734375,0.0,6.30413540919333,0.6640625,0.0,6.269405540992704,0.5400390625,0.013,2.134579726249323,0.505859375,0.379,0.36503076948953284,0.6455078125,0.0,7.547797871095329,0.5859375
6d,0.5654296875,0.0,3.4792653096336776,0.556640625,0.016,2.02166244567251,0.580078125,0.001,2.98979810359202,0.7373046875,0.0,11.944411329292938,0.716796875,0.0,7.5968654406535014,0.701171875,0.0,7.257988581883315,0.4921875,0.669,-0.43723322844956813,0.5146484375,0.25,0.7407011738147833,0.7041015625,0.0,10.672204597603669,0.5983072916666666
6mp,0.513671875,0.24,0.7104420548426188,0.525390625,0.169,0.9764004194438709,0.564453125,0.002,2.554949100566817,0.6884765625,0.0,9.295043388223588,0.681640625,0.0,6.656439441418774,0.65234375,0.0,5.748737341322032,0.5322265625,0.047,1.6555398707700513,0.4931640625,0.637,-0.373973792105722,0.654296875,0.0,8.061309648230608,0.578125
6v,0.568359375,0.0,3.438519915427143,0.50390625,0.467,0.13477688659847592,0.609375,0.0,4.018867285735443,0.7421875,0.0,12.708763554923928,0.728515625,0.0,8.3000444288444,0.75390625,0.0,9.412708073411952,0.5146484375,0.254,0.7135340407865685,0.548828125,0.01,2.5731068770470458,0.7314453125,0.0,12.323709598200573,0.6083984375
p24pr,0.56640625,0.0,3.22804799592207,0.52734375,0.175,0.9923820642631547,0.599609375,0.0,3.5886282692185834,0.6376953125,0.0,7.054454118526828,0.66015625,0.0,5.630441294496638,0.6015625,0.0,3.695126535073005,0.5341796875,0.041,1.768319152928074,0.5390625,0.023,2.023130470865334,0.611328125,0.0,6.118999885099999,0.5794270833333334
33pr,0.552734375,0.001,2.6108840387631442,0.5234375,0.195,0.8690054061949573,0.560546875,0.015,2.155285332521896,0.611328125,0.0,5.710043555640819,0.619140625,0.0,4.259038090078124,0.5390625,0.08,1.4279252510251539,0.486328125,0.756,-0.6579478075973838,0.537109375,0.022,1.9873840172136037,0.58984375,0.0,4.737117145353661,0.5501302083333334
a24pr,0.5576171875,0.0,2.9965279449951288,0.53125,0.138,1.122803072537044,0.54296875,0.07,1.5153679933222182,0.6513671875,0.0,7.401801311560614,0.69140625,0.0,6.876805566277504,0.572265625,0.006,2.612161382923956,0.5087890625,0.341,0.42909476048685535,0.53125,0.049,1.6855554692441699,0.6123046875,0.0,5.793635532930172,0.5725911458333334
p32pr,0.5419921875,0.012,2.1877550804474417,0.529296875,0.157,1.0526953656282687,0.556640625,0.016,2.067941614036643,0.638671875,0.0,7.219441612852616,0.640625,0.0,5.140177953777567,0.6015625,0.0,3.577989903782566,0.5107421875,0.314,0.5377853959527314,0.505859375,0.419,0.2586046638610376,0.6318359375,0.0,7.177521627801529,0.5638020833333334
a24,0.55078125,0.005,2.6544430822538243,0.51953125,0.26,0.699101621713291,0.53125,0.139,1.0960652599728777,0.62890625,0.0,6.394709377237308,0.640625,0.0,5.0313865505344735,0.6328125,0.0,4.9070739232420815,0.5615234375,0.001,3.1956069638514513,0.5234375,0.134,1.1550418376086065,0.5927734375,0.0,4.821768812148943,0.5804036458333334
d32,0.607421875,0.0,5.7172526151212635,0.5546875,0.027,1.925722960852839,0.630859375,0.0,4.745245745524636,0.6884765625,0.0,9.595604462617855,0.693359375,0.0,6.910391014223382,0.595703125,0.0,3.4325628123339538,0.529296875,0.064,1.5745502585583293,0.576171875,0.0,4.132480548733717,0.6337890625,0.0,6.972604700905876,0.6083984375
8BM,0.62109375,0.0,6.377688757466118,0.58203125,0.002,2.911466552715546,0.61328125,0.0,4.197502331081371,0.6962890625,0.0,9.736237020892554,0.724609375,0.0,8.53022456376767,0.66796875,0.0,6.189013107809694,0.51953125,0.148,1.0505765150701363,0.58984375,0.0,4.761708348514516,0.6650390625,0.0,8.73690178057705,0.6123046875
p32,0.5634765625,0.001,3.1890975265572528,0.533203125,0.112,1.2721253135800605,0.591796875,0.001,3.448691572146023,0.6181640625,0.0,6.103101302006782,0.685546875,0.0,6.700304655326658,0.552734375,0.029,1.9948763823503057,0.5244140625,0.108,1.2728954458730481,0.5595703125,0.001,3.236871728219787,0.59765625,0.0,5.078629463153698,0.5686848958333334
10r,0.6337890625,0.0,6.8263354263272875,0.541015625,0.099,1.4094433298364488,0.61328125,0.0,4.2060415371619735,0.6103515625,0.0,5.702494734214687,0.66015625,0.0,5.89844355956868,0.525390625,0.203,0.8881447176476958,0.5107421875,0.298,0.5512551326726164,0.6044921875,0.0,5.490369284234781,0.607421875,0.0,5.635690373622704,0.5849609375
47m,0.6083984375,0.0,5.605040320453131,0.578125,0.002,2.85457223655716,0.603515625,0.0,3.635574759910389,0.6123046875,0.0,5.827305736933425,0.62109375,0.0,4.381972349989098,0.61328125,0.0,3.924406246909111,0.509765625,0.328,0.47864231000058094,0.583984375,0.0,4.421940500798644,0.56640625,0.0,3.471399914306508,0.5768229166666666
8Av,0.591796875,0.0,4.644294925740308,0.59375,0.002,3.434804163409844,0.587890625,0.001,3.0735612211148715,0.7626953125,0.0,13.43107865557778,0.748046875,0.0,9.001188362910405,0.685546875,0.0,7.086281130456483,0.5126953125,0.257,0.6887874488121187,0.568359375,0.0,3.7250093962480064,0.7275390625,0.0,11.875073008475393,0.6223958333333334
8Ad,0.6103515625,0.0,5.477891495252814,0.548828125,0.034,1.8495991811566503,0.66796875,0.0,6.199931669761535,0.7314453125,0.0,11.944924237975524,0.73828125,0.0,8.691636535981383,0.6640625,0.0,6.048447325612547,0.55078125,0.004,2.699851156936698,0.560546875,0.001,3.2884148003348934,0.6845703125,0.0,9.780853062118085,0.630859375
9m,0.6708984375,0.0,9.459232328324065,0.673828125,0.0,6.3756588527721165,0.673828125,0.0,6.360348315548873,0.7197265625,0.0,11.395878403703222,0.740234375,0.0,8.870954916874014,0.662109375,0.0,6.093775193990827,0.5498046875,0.006,2.5285430952941104,0.6142578125,0.0,5.918425098674329,0.68359375,0.0,9.890616126771286,0.6468098958333334
8BL,0.63671875,0.0,7.26743280435734,0.603515625,0.0,3.706949670009017,0.62890625,0.0,4.628894007359122,0.775390625,0.0,14.245596487776314,0.751953125,0.0,9.071654433187096,0.71875,0.0,8.11749726716681,0.5478515625,0.005,2.4805687032733785,0.58203125,0.0,4.427903291513964,0.728515625,0.0,11.665281802324884,0.6533203125
9p,0.615234375,0.0,5.903227197515304,0.56640625,0.004,2.3827013183074355,0.62109375,0.0,4.47465281636894,0.7119140625,0.0,10.93199895907933,0.7421875,0.0,9.176613039134514,0.6484375,0.0,5.384428057055855,0.5458984375,0.011,2.4081655117199636,0.568359375,0.0,3.5633105694072444,0.673828125,0.0,9.224828323860722,0.6243489583333334
10d,0.5849609375,0.0,4.422765392934212,0.544921875,0.04,1.6883417903698317,0.6171875,0.0,4.453765636515281,0.6884765625,0.0,9.678172459395737,0.736328125,0.0,8.663795798506689,0.640625,0.0,5.3384676797435775,0.5400390625,0.02,2.0312625727358826,0.5634765625,0.0,3.378672154793036,0.6767578125,0.0,9.54784498888813,0.6044921875
8C,0.6298828125,0.0,6.8254856562887305,0.63671875,0.0,5.232679744728934,0.62890625,0.0,4.726424561578619,0.8154296875,0.0,16.251741807529747,0.84765625,0.0,13.05356989810442,0.779296875,0.0,10.439964367156719,0.564453125,0.0,3.3371295742438964,0.544921875,0.007,2.392375628464573,0.810546875,0.0,17.07721746495138,0.669921875
44,0.5810546875,0.0,4.132507718966301,0.583984375,0.002,3.0140937439174844,0.59375,0.0,3.4509405369178077,0.7412109375,0.0,12.333030529035007,0.712890625,0.0,7.9701460030872635,0.669921875,0.0,6.2949535425677405,0.517578125,0.193,0.9099927697685757,0.5390625,0.02,2.106214594721809,0.6923828125,0.0,10.204019864612405,0.61328125
45,0.599609375,0.0,5.185663820970366,0.544921875,0.049,1.666151605879282,0.623046875,0.0,4.618811048724331,0.7421875,0.0,12.50179143699064,0.787109375,0.0,10.623951227537018,0.705078125,0.0,7.858990773253247,0.53125,0.045,1.6844184404776203,0.5703125,0.0,3.7449189570073864,0.7060546875,0.0,10.842951010346095,0.6243489583333334
47l,0.6201171875,0.0,6.08730846320228,0.568359375,0.001,2.517642658574542,0.615234375,0.0,4.224087742845045,0.7421875,0.0,12.511948093054308,0.712890625,0.0,7.855655368587382,0.666015625,0.0,6.19026796294412,0.5009765625,0.491,0.04229186534080614,0.5830078125,0.0,4.582535992973173,0.6923828125,0.0,10.551297791075063,0.62109375
a47r,0.5625,0.0,3.2205787471449234,0.509765625,0.373,0.35462194960818033,0.609375,0.0,4.098596336630561,0.7490234375,0.0,13.357957251750017,0.765625,0.0,9.872929801193099,0.748046875,0.0,9.051003278274054,0.5224609375,0.119,1.1992163417308463,0.5458984375,0.006,2.4959334057588145,0.7197265625,0.0,11.913173201421555,0.611328125
6r,0.6005859375,0.0,4.96677807350193,0.5625,0.01,2.3258364869844352,0.5859375,0.0,3.128300349062515,0.76953125,0.0,13.77599055610384,0.708984375,0.0,7.717558895887028,0.701171875,0.0,7.544251676971635,0.4736328125,0.912,-1.317084838800904,0.6005859375,0.0,5.407404150314358,0.7392578125,0.0,12.73360244036455,0.6145833333333334
IFJa,0.6875,0.0,9.656509290951842,0.70703125,0.0,7.0880530733217775,0.662109375,0.0,5.735371823982906,0.8505859375,0.0,17.12147481020142,0.833984375,0.0,12.139437763710934,0.810546875,0.0,10.955215505746057,0.572265625,0.0,3.590623985897836,0.61328125,0.0,5.933702112247687,0.80859375,0.0,16.495793989783603,0.7034505208333334
IFJp,0.6201171875,0.0,6.149424749272126,0.623046875,0.0,4.509249764704935,0.58203125,0.002,2.926635045890138,0.8232421875,0.0,15.941692225707126,0.7890625,0.0,10.437096060837781,0.81640625,0.0,11.261433384378313,0.5283203125,0.087,1.3934694379617518,0.572265625,0.0,3.8677670967925124,0.814453125,0.0,16.82876766094137,0.6572265625
IFSp,0.740234375,0.0,12.177758779830029,0.7421875,0.0,8.465127838469858,0.724609375,0.0,8.484267602599436,0.8232421875,0.0,16.27456584081747,0.7890625,0.0,10.679679522926213,0.7890625,0.0,10.412751404889399,0.5771484375,0.0,3.8531308625536442,0.689453125,0.0,10.214897909418074,0.7841796875,0.0,16.032167199306787,0.7135416666666666
IFSa,0.708984375,0.0,10.745909316878882,0.69921875,0.0,7.216779958354788,0.673828125,0.0,6.428650960875782,0.806640625,0.0,15.803793233570381,0.81640625,0.0,11.928990552333289,0.75,0.0,9.700547220425419,0.5537109375,0.002,2.8069956165365078,0.626953125,0.0,6.768016398948772,0.771484375,0.0,14.564663180921826,0.6897786458333334
p9-46v,0.6005859375,0.0,4.990594254584611,0.609375,0.0,4.095186532074362,0.576171875,0.0,2.8192698960416975,0.8056640625,0.0,16.298671162591457,0.802734375,0.0,11.506614088528352,0.8046875,0.0,11.739066935563647,0.521484375,0.14,1.135440073994411,0.5693359375,0.0,3.823286138991618,0.7958984375,0.0,16.01203568984584,0.642578125
46,0.5859375,0.0,4.349535890332148,0.546875,0.036,1.7670190057786883,0.55859375,0.009,2.251973312569042,0.7958984375,0.0,15.020951654253562,0.791015625,0.0,11.077863791595947,0.73828125,0.0,8.602752697701291,0.5302734375,0.07,1.5334859671009107,0.5419921875,0.016,2.2211522761981617,0.7626953125,0.0,14.498724384517693,0.6373697916666666
a9-46v,0.5654296875,0.0,3.3681024414293987,0.52734375,0.17,0.9948493762054985,0.599609375,0.0,3.6321133729285666,0.755859375,0.0,13.171221394640511,0.755859375,0.0,9.309618746756213,0.68359375,0.0,6.8742802709854125,0.5029296875,0.453,0.16228998229825378,0.55859375,0.001,3.2239511077040306,0.71875,0.0,11.866878908356965,0.6080729166666666
9-46d,0.5849609375,0.0,4.324800131492055,0.55859375,0.008,2.141861540314185,0.58203125,0.003,3.077723320780128,0.7890625,0.0,15.10870276967496,0.830078125,0.0,12.386387870732111,0.7578125,0.0,9.713454198518534,0.5263671875,0.08,1.3753672114143993,0.564453125,0.0,3.535082642617848,0.77734375,0.0,14.598778294755377,0.6334635416666666
9a,0.638671875,0.0,7.281891245326135,0.625,0.0,4.4258111690988935,0.626953125,0.0,4.548746412735914,0.6923828125,0.0,9.98229010410708,0.72265625,0.0,8.364061411446027,0.64453125,0.0,5.240339085212003,0.5478515625,0.008,2.451873850346637,0.599609375,0.0,5.232185076335315,0.646484375,0.0,7.634746670684411,0.6263020833333334
10v,0.544921875,0.009,2.385945718555509,0.482421875,0.763,-0.6594018476394354,0.564453125,0.006,2.432505313597329,0.611328125,0.0,5.8086202903937485,0.603515625,0.0,3.932577551330826,0.5625,0.012,2.3653587154557507,0.5087890625,0.342,0.45510817177315466,0.546875,0.007,2.6275390198814783,0.5751953125,0.0,4.1079263435724025,0.5550130208333334
a10p,0.5439453125,0.017,2.213233300415076,0.564453125,0.011,2.3641420623181144,0.556640625,0.013,2.1992844449399063,0.6435546875,0.0,7.423646384893427,0.642578125,0.0,5.375601501186699,0.552734375,0.025,2.0098070129519106,0.5224609375,0.135,1.1266973194287964,0.5439453125,0.016,2.3399451041032533,0.607421875,0.0,5.9594841360633595,0.5699869791666666
10pp,0.5751953125,0.0,4.0441025091422516,0.51953125,0.236,0.7712450500909983,0.595703125,0.0,3.4793026844325468,0.6376953125,0.0,7.274906159117932,0.669921875,0.0,6.319287161474721,0.611328125,0.0,4.29612076740101,0.505859375,0.367,0.3643825335805806,0.552734375,0.001,2.9137914321471676,0.6015625,0.0,5.71114590547699,0.5729166666666666
11l,0.5673828125,0.0,3.3822512334367514,0.556640625,0.026,2.0691346747466413,0.537109375,0.072,1.4844807267439042,0.7294921875,0.0,12.27821165884696,0.728515625,0.0,8.676577272734509,0.673828125,0.0,6.827499635212937,0.5185546875,0.165,1.0176523518772524,0.53125,0.038,1.7451280563187475,0.6904296875,0.0,10.256916061881297,0.6051432291666666
13l,0.521484375,0.121,1.169675288400432,0.484375,0.753,-0.5709494156350703,0.5390625,0.074,1.4156164920387222,0.62890625,0.0,6.523343100814931,0.6640625,0.0,6.09907627925921,0.607421875,0.0,3.9749031051162316,0.53515625,0.043,1.7710485360087358,0.517578125,0.179,0.9640900966187559,0.5849609375,0.0,4.483217645135544,0.5618489583333334
OFC,0.4814453125,0.835,-0.9914680781056834,0.470703125,0.859,-1.0920463113350962,0.48046875,0.767,-0.7184602634591335,0.6279296875,0.0,6.840998463867201,0.63671875,0.0,5.205509026258428,0.587890625,0.0,3.4551364896194623,0.48828125,0.748,-0.6225438213292024,0.484375,0.799,-0.7987220431485089,0.5986328125,0.0,5.554402382427716,0.5325520833333334
47s,0.5654296875,0.0,3.317494622519332,0.55078125,0.034,1.7803934383146358,0.57421875,0.004,2.7811702206049325,0.701171875,0.0,10.20101276361266,0.671875,0.0,6.5091996822684175,0.634765625,0.0,4.954240751257175,0.53515625,0.039,1.7519807801324154,0.517578125,0.181,0.8904732612947382,0.63671875,0.0,7.247431147464046,0.6005859375
LIPd,0.6357421875,0.0,6.548696204617501,0.666015625,0.0,5.730256159086494,0.6484375,0.0,5.583940147000083,0.8701171875,0.0,18.880263754631763,0.865234375,0.0,13.508407670888671,0.888671875,0.0,14.199800306344947,0.5751953125,0.0,3.8168312513154428,0.5810546875,0.0,4.390669224828356,0.8505859375,0.0,18.45498057230059,0.6936848958333334
6a,0.6201171875,0.0,6.065826710414408,0.662109375,0.0,6.080948508899596,0.6015625,0.0,3.7247585328386816,0.712890625,0.0,10.749069500387472,0.708984375,0.0,8.04724104337567,0.77734375,0.0,10.53532324615267,0.5751953125,0.0,3.784277755984668,0.5537109375,0.0,2.9407890837496575,0.654296875,0.0,8.53106000958912,0.6360677083333334
i6-8,0.583984375,0.0,4.2339042677795815,0.58203125,0.002,2.913744254144245,0.603515625,0.0,3.7423408844725357,0.7578125,0.0,13.849862036043504,0.728515625,0.0,8.658352440583817,0.7109375,0.0,7.772638932152343,0.53125,0.055,1.6258974423087533,0.583984375,0.0,4.420783466557508,0.6982421875,0.0,10.674840743581218,0.6243489583333334
s6-8,0.5869140625,0.0,4.244991356718209,0.591796875,0.0,3.171695388762248,0.583984375,0.002,3.0694584396630535,0.6796875,0.0,9.268378844758583,0.701171875,0.0,7.645260253248483,0.66796875,0.0,6.059985283227958,0.548828125,0.001,2.553753534727792,0.5595703125,0.002,3.106115829338419,0.6240234375,0.0,6.334923722285345,0.6051432291666666
43,0.5244140625,0.102,1.3288573491710236,0.501953125,0.479,0.08497131431541416,0.546875,0.045,1.7610913493715052,0.6982421875,0.0,9.797904198704668,0.71484375,0.0,7.988203274402338,0.65625,0.0,5.893849315172728,0.5244140625,0.108,1.2283037255152807,0.4794921875,0.867,-1.1027132959838906,0.6513671875,0.0,8.539204750183996,0.5823567708333334
OP4,0.5126953125,0.257,0.7054180205437812,0.537109375,0.094,1.3408433075123716,0.5703125,0.009,2.4957880292178785,0.7197265625,0.0,11.464942056649594,0.69921875,0.0,7.28780670646456,0.662109375,0.0,6.19784135069052,0.5107421875,0.283,0.5606361684549284,0.50390625,0.433,0.24066009641105945,0.6826171875,0.0,9.892219649844096,0.5810546875
OP1,0.4853515625,0.804,-0.8185432038515474,0.4921875,0.62,-0.2702826312410836,0.474609375,0.826,-0.9203784370302704,0.6728515625,0.0,8.890884550136702,0.646484375,0.0,5.335887024230779,0.697265625,0.0,7.28388068899866,0.5126953125,0.265,0.6804193055905544,0.4736328125,0.933,-1.4174092894429378,0.63671875,0.0,7.486502636421898,0.5569661458333334
OP2-3,0.501953125,0.474,0.09963694005960073,0.466796875,0.877,-1.158409469549301,0.4921875,0.626,-0.3178769421541941,0.5986328125,0.0,5.015466967607467,0.61328125,0.0,4.274481678857876,0.58203125,0.001,2.928914151621752,0.48828125,0.723,-0.5848842711696554,0.509765625,0.303,0.5343815786768626,0.587890625,0.0,4.614984333713363,0.5296223958333334
52,0.5390625,0.032,1.9717537945374906,0.5234375,0.192,0.8746029113088266,0.525390625,0.194,0.8756973972983866,0.5869140625,0.0,4.411691038351445,0.568359375,0.012,2.3660680911553045,0.595703125,0.001,3.3426189845007666,0.5107421875,0.341,0.4890127062307006,0.53515625,0.036,1.7583497104794463,0.5673828125,0.0,3.3463421208783046,0.5455729166666666
RI,0.541015625,0.027,1.9898941888839818,0.55859375,0.022,2.072944828871573,0.548828125,0.04,1.7452394868917842,0.701171875,0.0,9.998005087632695,0.685546875,0.0,6.808901266652724,0.662109375,0.0,5.934179001185284,0.521484375,0.163,1.003923541096133,0.525390625,0.106,1.3135407843659008,0.6962890625,0.0,10.191659080324976,0.587890625
PFcm,0.541015625,0.023,2.0596595464556646,0.51953125,0.251,0.7103117739830392,0.578125,0.002,2.7969461080936306,0.6533203125,0.0,8.140941534054052,0.6640625,0.0,6.103159098024635,0.6328125,0.0,4.863393508961282,0.4921875,0.649,-0.3490740760748488,0.5537109375,0.003,2.8379484090846194,0.6416015625,0.0,7.619264880226519,0.5621744791666666
PoI2,0.52734375,0.079,1.4030671708186702,0.484375,0.739,-0.6007293672389986,0.51171875,0.341,0.41726974053798405,0.6494140625,0.0,7.493033189739844,0.654296875,0.0,5.839290959463194,0.595703125,0.0,3.4367252530622547,0.5068359375,0.386,0.3600167087152253,0.51953125,0.157,1.0096112703727838,0.6328125,0.0,7.029751208082384,0.5611979166666666
TA2,0.552734375,0.003,2.6473532057637716,0.51171875,0.364,0.39459408922024014,0.58984375,0.001,3.213083548727269,0.609375,0.0,5.556005116031954,0.62109375,0.0,4.481799259025127,0.59375,0.0,3.3882914487786855,0.5205078125,0.157,1.008822937560711,0.5185546875,0.188,0.9156787695328061,0.5693359375,0.0,3.7686430567671296,0.5608723958333334
FOP4,0.52734375,0.082,1.4384985387606666,0.54296875,0.06,1.5804315830881057,0.521484375,0.234,0.7182983771861805,0.7177734375,0.0,10.681089123619415,0.7109375,0.0,7.5904982318886,0.685546875,0.0,6.798370801136771,0.4755859375,0.892,-1.1917796938360734,0.5205078125,0.142,1.0898933262254478,0.6845703125,0.0,10.132365873127396,0.5735677083333334
MI,0.5556640625,0.003,2.7280493291872676,0.501953125,0.498,0.01797914052575531,0.5625,0.014,2.29278072834293,0.6943359375,0.0,9.939405554928953,0.693359375,0.0,6.930647255244765,0.640625,0.0,5.1406196417468975,0.5,0.5,0.009973158060194765,0.544921875,0.009,2.408781694751892,0.6533203125,0.0,7.917876220911487,0.5833333333333334
Pir,0.4814453125,0.842,-0.9657214261126856,0.5078125,0.44,0.2362231821497156,0.49609375,0.59,-0.15194740489966738,0.634765625,0.0,6.80882086547517,0.615234375,0.0,4.352283509387215,0.5859375,0.003,3.0515321676238005,0.509765625,0.336,0.4464666691057946,0.470703125,0.943,-1.5084149527636932,0.5927734375,0.0,4.820270571291175,0.5419921875
AVI,0.537109375,0.024,1.8966351491744604,0.529296875,0.148,1.1289568784649264,0.556640625,0.025,2.091604413511705,0.6923828125,0.0,9.527122673816717,0.732421875,0.0,8.535506027678018,0.66796875,0.0,6.0635941695620765,0.521484375,0.119,1.1795151517488396,0.5009765625,0.485,0.056419400483592924,0.6630859375,0.0,8.79692428670588,0.5836588541666666
AAIC,0.515625,0.216,0.8509184269697493,0.51953125,0.263,0.6881797909516858,0.486328125,0.709,-0.5525199836961201,0.61328125,0.0,5.611839889479094,0.599609375,0.0,3.526154471631512,0.556640625,0.025,2.0189128094869995,0.4990234375,0.539,-0.06797310467133388,0.4951171875,0.617,-0.2733311524935377,0.595703125,0.0,5.0556546916985665,0.5426432291666666
FOP1,0.51171875,0.264,0.6310357460464323,0.5,0.509,0.007374825336107573,0.521484375,0.207,0.8144055254781464,0.595703125,0.0,4.799454067609464,0.56640625,0.002,2.5425391409457676,0.55078125,0.028,1.8867196778051842,0.49609375,0.603,-0.21321703684148927,0.4912109375,0.675,-0.448143480468613,0.5595703125,0.001,3.0612695046421656,0.5345052083333334
FOP3,0.490234375,0.697,-0.5178954994641511,0.482421875,0.748,-0.6458189507537868,0.509765625,0.371,0.38535349735711405,0.57421875,0.0,3.5557750714329206,0.564453125,0.012,2.3468510166941354,0.55859375,0.022,2.003585195344375,0.470703125,0.932,-1.4393255423387852,0.4921875,0.681,-0.42865349235636957,0.578125,0.0,4.043585540736361,0.51171875
FOP2,0.521484375,0.141,1.0898752686064466,0.525390625,0.194,0.8925344040092784,0.5234375,0.217,0.8379750962680391,0.60546875,0.0,5.3403758925796465,0.623046875,0.0,4.345790622102428,0.58203125,0.0,2.9888671838441487,0.5283203125,0.078,1.4596500402325896,0.48828125,0.742,-0.5912417199824278,0.5947265625,0.0,5.102924021325435,0.5517578125
PFt,0.5654296875,0.0,3.421497175488715,0.576171875,0.003,2.721183398838996,0.548828125,0.037,1.834910378421707,0.7001953125,0.0,10.538210048337577,0.66796875,0.0,6.153418298650527,0.677734375,0.0,6.490716364574797,0.48828125,0.731,-0.582395238240957,0.56640625,0.0,3.5231621919181797,0.6689453125,0.0,8.948339609759474,0.5846354166666666
AIP,0.58984375,0.0,4.395430509606954,0.5703125,0.004,2.5753271432012017,0.619140625,0.0,4.310112033962594,0.7890625,0.0,15.01141337406975,0.783203125,0.0,10.49407768295025,0.74609375,0.0,9.088067979187846,0.5380859375,0.032,1.9038315814367823,0.5732421875,0.0,3.928529350102101,0.763671875,0.0,13.831168127787512,0.6389973958333334
EC,0.453125,0.992,-2.3767619679232896,0.44140625,0.983,-2.2075154312743046,0.517578125,0.313,0.5384419307805116,0.578125,0.0,3.8952735664428215,0.5234375,0.199,0.8614158967063205,0.59375,0.0,3.6445086798471675,0.49609375,0.585,-0.19295508156518654,0.4892578125,0.719,-0.5617630067380986,0.572265625,0.0,3.8624085189497235,0.5091145833333334
PreS,0.587890625,0.0,4.52637458146943,0.5078125,0.417,0.2883515853073518,0.607421875,0.001,3.8126067039449762,0.7109375,0.0,10.532696360319804,0.689453125,0.0,6.954163986992306,0.689453125,0.0,7.3041411471793785,0.4970703125,0.584,-0.16264953761741038,0.5546875,0.003,2.9687026384035438,0.6669921875,0.0,8.712667128282932,0.5986328125
H,0.544921875,0.009,2.239640987227586,0.505859375,0.432,0.18711981916335824,0.55078125,0.036,2.02980999247714,0.619140625,0.0,6.297057375016379,0.611328125,0.0,4.165630448583998,0.626953125,0.0,4.888377257935086,0.548828125,0.004,2.6226796896441273,0.525390625,0.099,1.398845886363744,0.59765625,0.0,5.430666666755055,0.5709635416666666
ProS,0.55859375,0.0,3.1634774895394693,0.533203125,0.116,1.1888193311792976,0.544921875,0.055,1.5955069755808686,0.7705078125,0.0,13.734074303605615,0.7421875,0.0,8.988549225689503,0.70703125,0.0,7.43181788508603,0.5146484375,0.217,0.8039726406778496,0.5361328125,0.026,1.982906507382784,0.7353515625,0.0,13.025323989517844,0.6145833333333334
PeEc,0.5869140625,0.0,4.411579509477448,0.572265625,0.002,2.7235474879047183,0.580078125,0.001,2.9906449000815916,0.6328125,0.0,6.935554481960651,0.59375,0.0,3.568551624953443,0.5703125,0.002,2.7951447360213058,0.498046875,0.55,-0.1125109713461657,0.5625,0.0,3.4031130525418587,0.6064453125,0.0,5.742930764905911,0.5725911458333334
STGa,0.541015625,0.02,2.08422729746574,0.544921875,0.055,1.605435050477482,0.5625,0.017,2.149330001732194,0.671875,0.0,8.906016507778341,0.685546875,0.0,6.539063007969397,0.583984375,0.0,3.063480835340679,0.521484375,0.148,1.1156189384570576,0.5078125,0.324,0.42547080668524684,0.650390625,0.0,7.85258415408053,0.578125
PBelt,0.53515625,0.039,1.7557891914284383,0.5625,0.014,2.2179765391683812,0.5,0.503,0.0013304792377194453,0.654296875,0.0,7.836778528473115,0.634765625,0.0,4.792996123362372,0.619140625,0.0,4.260735209678477,0.5048828125,0.416,0.2481418995552811,0.5146484375,0.207,0.8182832894179413,0.6220703125,0.0,6.463122592202085,0.5647786458333334
A5,0.5546875,0.001,2.8453634966351715,0.53515625,0.124,1.2150953867483614,0.587890625,0.0,3.4376394507505204,0.7998046875,0.0,16.1705410516837,0.78515625,0.0,10.99200483618717,0.76171875,0.0,9.667336433415976,0.5478515625,0.007,2.597323464071988,0.51171875,0.256,0.6450647209950713,0.765625,0.0,14.162102783033056,0.6341145833333334
PHA1,0.623046875,0.0,6.266917231863165,0.59765625,0.0,3.559002583196214,0.611328125,0.0,3.960379531999673,0.7392578125,0.0,12.23557809702076,0.701171875,0.0,7.522153827623562,0.6953125,0.0,6.990635838279337,0.470703125,0.93,-1.4513917276708683,0.60546875,0.0,5.782862263040629,0.693359375,0.0,10.24039412750101,0.6110026041666666
PHA3,0.6455078125,0.0,7.4766274308200815,0.66796875,0.0,6.4404477802483395,0.63671875,0.0,4.940716763667942,0.7001953125,0.0,10.641410579190266,0.66015625,0.0,6.027375704378112,0.6796875,0.0,6.533308869806459,0.556640625,0.003,2.8703528681165973,0.609375,0.0,5.661780882507541,0.646484375,0.0,7.859193152303083,0.6341145833333334
STSda,0.599609375,0.0,5.306042216620357,0.55078125,0.031,1.9521112823000688,0.626953125,0.0,4.6520232736468605,0.7451171875,0.0,12.906183382851,0.736328125,0.0,9.095735551741825,0.6953125,0.0,7.120820168019189,0.5341796875,0.04,1.7689100347829576,0.580078125,0.0,4.201174043692385,0.697265625,0.0,10.861659969343348,0.6263020833333334
STSdp,0.5615234375,0.001,3.1221283654316885,0.564453125,0.009,2.475497093816507,0.56640625,0.009,2.503365971183729,0.7373046875,0.0,12.498398997989119,0.734375,0.0,8.630002347881716,0.697265625,0.0,7.426891185080978,0.5556640625,0.001,2.9932030840090387,0.5185546875,0.15,1.0829595495019693,0.689453125,0.0,10.078768124609635,0.6181640625
STSvp,0.611328125,0.0,5.836339568054308,0.55859375,0.017,2.277936134232961,0.6171875,0.0,4.323192463481602,0.779296875,0.0,14.404310782151123,0.765625,0.0,9.769917939335468,0.720703125,0.0,7.941153533062549,0.515625,0.242,0.7633416094805724,0.5751953125,0.0,4.0261521949665315,0.736328125,0.0,12.756395293663227,0.6354166666666666
TGd,0.53125,0.048,1.676065630723896,0.521484375,0.213,0.8348034290736851,0.58984375,0.0,3.4081507495276138,0.65625,0.0,8.498347346579376,0.751953125,0.0,9.807324330661297,0.65234375,0.0,5.961909420090248,0.53515625,0.029,1.882310681655093,0.5,0.515,-0.010362623586148884,0.654296875,0.0,8.960929030774874,0.57421875
TE1a,0.5859375,0.0,4.612063092258515,0.564453125,0.007,2.4324094700002385,0.552734375,0.03,1.9197869787864132,0.6357421875,0.0,6.750226976459344,0.62890625,0.0,4.871252336584922,0.599609375,0.0,3.813565404898973,0.515625,0.197,0.8297642183430949,0.572265625,0.0,3.7894956012920606,0.6171875,0.0,6.526009021220953,0.5791015625
TE1p,0.6181640625,0.0,6.171100694573902,0.564453125,0.01,2.374301461704918,0.62890625,0.0,4.710709714669002,0.7626953125,0.0,13.78617735982671,0.8046875,0.0,11.373986988092053,0.697265625,0.0,7.618698506617175,0.5478515625,0.007,2.466581367457765,0.568359375,0.001,3.709304019577256,0.7392578125,0.0,13.028040210115211,0.6429036458333334
TE2a,0.5595703125,0.001,3.079816246162094,0.54296875,0.064,1.593164451480197,0.517578125,0.253,0.6859361340560862,0.6328125,0.0,6.948446287935363,0.6171875,0.0,4.521916427821649,0.615234375,0.0,4.396053784902979,0.5048828125,0.394,0.280971501006992,0.5498046875,0.008,2.6778946436606854,0.619140625,0.0,6.513471370050131,0.5657552083333334
TF,0.6083984375,0.0,5.8825698723885065,0.572265625,0.0,2.8898159316425716,0.61328125,0.0,4.4234731016745075,0.6591796875,0.0,8.455972906437198,0.658203125,0.0,6.122541273080903,0.697265625,0.0,7.497646701177232,0.529296875,0.078,1.4877316253388906,0.5673828125,0.0,3.7296455669342077,0.669921875,0.0,9.283514162466133,0.5989583333333334
TE2p,0.6201171875,0.0,6.6573757416466,0.599609375,0.0,3.761333021058108,0.640625,0.0,5.177050263636722,0.7822265625,0.0,14.771319066475966,0.8046875,0.0,11.67931133574023,0.796875,0.0,11.026198662637475,0.51953125,0.156,1.0581922663494188,0.5908203125,0.0,4.8817117235714695,0.7353515625,0.0,12.20618334077443,0.640625
PHT,0.671875,0.0,8.876927080524935,0.6484375,0.0,5.561457917742827,0.669921875,0.0,6.548456206461946,0.7548828125,0.0,12.883475218581847,0.77734375,0.0,10.651902649224912,0.73828125,0.0,8.600988727862982,0.5751953125,0.0,3.8663043388582534,0.58984375,0.0,5.010495763816537,0.7080078125,0.0,11.370602455655556,0.6673177083333334
PH,0.6494140625,0.0,7.861068607636202,0.666015625,0.0,6.24130135003683,0.611328125,0.0,4.31681161488207,0.9091796875,0.0,21.402583628366937,0.904296875,0.0,15.529023342722066,0.91015625,0.0,15.013266452848983,0.556640625,0.001,3.003486901639585,0.595703125,0.0,5.1646486558304305,0.8955078125,0.0,21.39432386663187,0.705078125
TPOJ1,0.6005859375,0.0,5.222000624964141,0.546875,0.047,1.743445628633547,0.6015625,0.0,3.7504807055608205,0.7900390625,0.0,14.381397509535724,0.783203125,0.0,10.546456487310525,0.763671875,0.0,9.458203015898626,0.482421875,0.815,-0.8541887805941815,0.5908203125,0.0,5.10318105877332,0.7880859375,0.0,15.466317055514928,0.6243489583333334
TPOJ2,0.58984375,0.0,4.663592858909366,0.583984375,0.0,3.043287387180254,0.607421875,0.0,3.9466477377337394,0.8037109375,0.0,15.574232393728208,0.8125,0.0,11.277029841769288,0.7421875,0.0,9.041781053741106,0.5263671875,0.095,1.3467604405644809,0.5537109375,0.002,3.02063663808029,0.771484375,0.0,15.104331882430959,0.6399739583333334
TPOJ3,0.701171875,0.0,10.517412792961848,0.65234375,0.0,5.530716080022336,0.716796875,0.0,7.931157146069718,0.7919921875,0.0,14.768414478910717,0.796875,0.0,10.610210374792265,0.78125,0.0,10.157888762585323,0.56640625,0.0,3.2770802275737916,0.630859375,0.0,6.97520889378305,0.7578125,0.0,13.49948581761316,0.6865234375
DVT,0.716796875,0.0,11.336345968355197,0.763671875,0.0,9.7279100361785,0.6484375,0.0,5.385227224395045,0.8291015625,0.0,16.519969098675197,0.828125,0.0,12.186041079849923,0.845703125,0.0,12.33903812080028,0.6240234375,0.0,6.563125141096327,0.6103515625,0.0,5.966092913187083,0.76953125,0.0,14.417292031365848,0.7233072916666666
PGp,0.7197265625,0.0,10.968968835066443,0.708984375,0.0,7.840000463573454,0.755859375,0.0,9.027769551926536,0.8798828125,0.0,19.47944999736796,0.90234375,0.0,14.64321721307578,0.888671875,0.0,14.34364939142661,0.6396484375,0.0,7.190023509104563,0.6533203125,0.0,8.201026032786123,0.8515625,0.0,18.932481698182514,0.7464192708333334
IP2,0.6337890625,0.0,6.779251805053337,0.587890625,0.0,3.1584662948848274,0.65625,0.0,5.390332500124015,0.8154296875,0.0,17.12483997462964,0.79296875,0.0,11.495746776802896,0.763671875,0.0,9.278057424744693,0.51953125,0.174,0.9802914278196797,0.6123046875,0.0,6.006402087517643,0.7548828125,0.0,14.048239457794146,0.65625
IP1,0.689453125,0.0,9.488827776298823,0.66796875,0.0,6.091253595452767,0.701171875,0.0,7.099132731604182,0.802734375,0.0,14.973491822291942,0.791015625,0.0,10.326180921486475,0.759765625,0.0,9.283751342251556,0.5595703125,0.001,3.0394825316299015,0.6416015625,0.0,7.3949275211235905,0.765625,0.0,14.262195603961342,0.6839192708333334
IP0,0.720703125,0.0,11.143800127755476,0.685546875,0.0,6.918551960961721,0.775390625,0.0,9.693638743102044,0.8515625,0.0,17.832813726721145,0.822265625,0.0,12.206637227875708,0.857421875,0.0,13.171076146260953,0.609375,0.0,5.56562215950995,0.64453125,0.0,8.235125279665768,0.798828125,0.0,15.323478361391238,0.7272135416666666
PFop,0.552734375,0.008,2.628478020771997,0.55859375,0.021,2.073367580329664,0.576171875,0.001,2.8451387710229312,0.69140625,0.0,9.678082087777328,0.671875,0.0,6.228938281657493,0.6796875,0.0,6.842265765020676,0.51171875,0.284,0.5981883510067826,0.5166015625,0.2,0.87991282228085,0.6396484375,0.0,7.544044045225141,0.5852864583333334
PF,0.6435546875,0.0,7.397977888946807,0.626953125,0.0,4.611503282950823,0.599609375,0.0,3.585515280043787,0.759765625,0.0,13.450761833096188,0.7578125,0.0,9.703905506048159,0.751953125,0.0,9.351841763824387,0.537109375,0.037,1.9166105185936817,0.5966796875,0.0,5.109731910600374,0.7353515625,0.0,12.7704192930624,0.6468098958333334
PFm,0.6298828125,0.0,6.669114481549951,0.603515625,0.0,3.888018849005548,0.595703125,0.0,3.5515138403694237,0.826171875,0.0,17.432940612758827,0.8515625,0.0,13.149402888275318,0.7890625,0.0,11.36277052978516,0.5439453125,0.011,2.259417314530553,0.5947265625,0.0,5.151438548118681,0.7998046875,0.0,16.497180212619135,0.6666666666666666
PGi,0.6474609375,0.0,7.604461032067468,0.646484375,0.0,5.481261646173295,0.68359375,0.0,6.8910287321550925,0.794921875,0.0,15.03252494905445,0.80859375,0.0,11.452364273583887,0.73046875,0.0,8.554836596580552,0.5439453125,0.008,2.2697526876396377,0.5966796875,0.0,5.147060546816194,0.75,0.0,13.663685957899357,0.662109375
PGs,0.6884765625,0.0,9.862204845411586,0.716796875,0.0,7.6199078574607695,0.671875,0.0,6.221767226468107,0.826171875,0.0,16.276790925465022,0.791015625,0.0,10.862833937084012,0.830078125,0.0,12.381369537380392,0.5751953125,0.0,4.12333006740021,0.6298828125,0.0,6.731463273791655,0.779296875,0.0,15.375673700333941,0.6966145833333334
V6A,0.6923828125,0.0,10.149357049038198,0.69140625,0.0,6.97563590245159,0.701171875,0.0,7.501771924350056,0.87890625,0.0,18.979302046934812,0.841796875,0.0,12.424377571522783,0.884765625,0.0,14.137050190136033,0.6171875,0.0,5.864204683597439,0.591796875,0.0,4.9058472793280306,0.8251953125,0.0,16.86767604111039,0.7294921875
VMV1,0.5615234375,0.0,3.151603661139921,0.609375,0.0,3.902500530892545,0.572265625,0.005,2.5092506523561773,0.806640625,0.0,15.987426439761252,0.794921875,0.0,10.913227537173748,0.765625,0.0,9.714771672958399,0.5458984375,0.013,2.2346418501875878,0.546875,0.008,2.448639502040908,0.7548828125,0.0,13.47654362110836,0.6380208333333334
VMV3,0.6318359375,0.0,6.861673588961905,0.701171875,0.0,7.2974974426346915,0.58203125,0.0,3.0212572872446932,0.8701171875,0.0,18.1810518899873,0.869140625,0.0,13.544943896613514,0.859375,0.0,13.288363544789252,0.5908203125,0.0,4.50513684739841,0.548828125,0.003,2.699645329996095,0.8515625,0.0,18.513500263261843,0.6975911458333334
PHA2,0.685546875,0.0,9.544933844412768,0.66796875,0.0,5.699944152226152,0.66015625,0.0,5.921997943257985,0.677734375,0.0,8.942577874305298,0.65625,0.0,5.479462431809453,0.681640625,0.0,6.4968337087375785,0.5458984375,0.016,2.2352463850955036,0.6181640625,0.0,6.112133910689417,0.640625,0.0,7.576960268334916,0.6363932291666666
V4t,0.5986328125,0.0,4.906389937151668,0.58203125,0.001,2.9759153347955056,0.59765625,0.0,3.6510612206117794,0.9052734375,0.0,20.959921821992562,0.87890625,0.0,13.726152207682139,0.87890625,0.0,13.223901091316595,0.53515625,0.04,1.7680703168598706,0.5732421875,0.0,3.898440304685232,0.87890625,0.0,19.32559543735406,0.6796875
FST,0.609375,0.0,5.516703844294131,0.603515625,0.0,3.6680898721581467,0.568359375,0.004,2.5077396523801494,0.8125,0.0,15.779503882004345,0.798828125,0.0,10.771316433112768,0.79296875,0.0,11.186701470655036,0.50390625,0.446,0.17592099705331896,0.599609375,0.0,5.1778835099567155,0.791015625,0.0,15.217418388818352,0.6419270833333334
V3CD,0.65234375,0.0,7.69325495457083,0.63671875,0.0,5.01312587810482,0.6640625,0.0,6.005341036481455,0.896484375,0.0,20.359266708321623,0.875,0.0,13.800015265137814,0.8671875,0.0,13.049586411705342,0.5927734375,0.0,4.680413001310819,0.5703125,0.0,3.8447111773494513,0.880859375,0.0,21.093805570689597,0.7138671875
LO3,0.591796875,0.0,4.525621427923154,0.5859375,0.001,3.085326988993807,0.63671875,0.0,4.894035032979931,0.8271484375,0.0,17.376649939426553,0.818359375,0.0,11.896265866595874,0.80859375,0.0,11.28015062692908,0.55859375,0.001,2.963374884127442,0.5595703125,0.0,3.3317405774905082,0.7802734375,0.0,15.011172242616174,0.6591796875
VMV2,0.625,0.0,6.211425009227225,0.689453125,0.0,6.901439949299763,0.650390625,0.0,5.489610153501621,0.8525390625,0.0,18.0788057672692,0.8046875,0.0,11.322320699491195,0.853515625,0.0,12.895665294464061,0.57421875,0.0,3.795073768825635,0.5615234375,0.001,3.2865263257828095,0.765625,0.0,14.046506471656091,0.6839192708333334
31pd,0.6083984375,0.0,5.511810863421414,0.626953125,0.0,4.5753471552341605,0.6484375,0.0,5.460115009339399,0.685546875,0.0,9.350504584910638,0.685546875,0.0,6.778146912742629,0.619140625,0.0,4.256769986212162,0.5146484375,0.233,0.7426363090088124,0.59765625,0.0,5.2328510421482965,0.650390625,0.0,7.724634910310006,0.6028645833333334
31a,0.646484375,0.0,7.3980175328719415,0.63671875,0.0,4.799502318104035,0.65625,0.0,5.63131929551523,0.6806640625,0.0,9.040833305335328,0.689453125,0.0,6.6196470890325685,0.68359375,0.0,6.825268728804318,0.5751953125,0.0,3.856697158182455,0.599609375,0.0,5.330048093814071,0.6318359375,0.0,6.721086779080046,0.6341145833333334
VVC,0.6767578125,0.0,9.155214510138386,0.669921875,0.0,6.585258710180802,0.689453125,0.0,6.9143790333011514,0.8583984375,0.0,18.76106145182297,0.833984375,0.0,12.528546244466732,0.875,0.0,14.441727907437963,0.5830078125,0.0,4.339388807329901,0.625,0.0,6.935241782571113,0.8466796875,0.0,18.298620508657965,0.7060546875
25,0.5244140625,0.119,1.1956880566630923,0.517578125,0.284,0.6268207806506013,0.5625,0.015,2.2227651818417966,0.552734375,0.006,2.6223864949160935,0.578125,0.006,2.8895335086246576,0.51171875,0.331,0.4371832542012944,0.509765625,0.334,0.4817112550225294,0.5224609375,0.131,1.1706604662372624,0.5224609375,0.127,1.1530924873799542,0.5289713541666666
s32,0.5166015625,0.222,0.8137065104834995,0.521484375,0.243,0.7431727778104891,0.552734375,0.032,1.8769307575875862,0.6083984375,0.0,5.395022093134141,0.6171875,0.0,4.16990075271926,0.55859375,0.022,2.1757664312848894,0.525390625,0.108,1.2712233828063293,0.541015625,0.017,2.134823382030895,0.5478515625,0.004,2.5684564927225657,0.5501302083333334
pOFC,0.4912109375,0.674,-0.438915331906933,0.51953125,0.253,0.6959976630533631,0.51171875,0.335,0.45509327449378373,0.5908203125,0.0,4.6473761158697275,0.62890625,0.0,4.724176254910309,0.494140625,0.611,-0.2190159614447259,0.4990234375,0.553,-0.07869855951560079,0.48046875,0.844,-1.0098236961794955,0.5869140625,0.0,4.618872553613034,0.5270182291666666
PoI1,0.5078125,0.336,0.42668082849943084,0.484375,0.737,-0.5611609512043676,0.53515625,0.092,1.2568214352991767,0.6123046875,0.0,5.772630355807969,0.62109375,0.0,4.725404225998331,0.59765625,0.001,3.4691725697605253,0.5048828125,0.407,0.2279819453036691,0.513671875,0.229,0.7286478126766296,0.5859375,0.0,4.5530791696893,0.5416666666666666
Ig,0.4775390625,0.875,-1.139240440303158,0.48828125,0.676,-0.42203743147418593,0.48046875,0.768,-0.740938151611859,0.623046875,0.0,6.168626396210713,0.603515625,0.0,3.734736855346358,0.623046875,0.0,4.283010318525592,0.505859375,0.343,0.3959075166063229,0.47265625,0.923,-1.4187665326555496,0.6142578125,0.0,6.0873072698728015,0.5354817708333334
FOP5,0.5400390625,0.02,2.064925150681366,0.521484375,0.247,0.7516432427418698,0.55859375,0.023,2.097279932765729,0.69921875,0.0,9.828714511418072,0.69921875,0.0,7.398059600296212,0.64453125,0.0,5.178998165929696,0.5322265625,0.05,1.6746415853726144,0.5078125,0.357,0.4150417080219983,0.6484375,0.0,8.113382254564483,0.5904947916666666
p10p,0.6357421875,0.0,7.014680211813781,0.599609375,0.0,3.7504002585643526,0.6953125,0.0,7.145422806069498,0.74609375,0.0,13.00264368613306,0.748046875,0.0,9.453996104062307,0.712890625,0.0,8.025763685555411,0.5361328125,0.037,1.8910471290902182,0.611328125,0.0,5.962139985496803,0.701171875,0.0,10.991374612572288,0.6393229166666666
p47r,0.5703125,0.0,3.6166713022737587,0.568359375,0.002,2.604193640654604,0.61328125,0.0,4.143789400495852,0.755859375,0.0,13.660791134653529,0.74609375,0.0,9.194424001690054,0.716796875,0.0,8.004900483972635,0.51953125,0.156,1.0268245183939364,0.54296875,0.01,2.31896193708363,0.7294921875,0.0,12.10408113103254,0.615234375
TGv,0.501953125,0.474,0.10107087365832491,0.466796875,0.896,-1.2490688238155832,0.52734375,0.151,1.0303948796858775,0.62109375,0.0,6.329621456605185,0.625,0.0,4.636629656602404,0.5859375,0.001,3.2914116091560572,0.5400390625,0.022,2.0592899226009718,0.494140625,0.629,-0.31070781092823385,0.576171875,0.0,4.143542096944982,0.5543619791666666
MBelt,0.4755859375,0.894,-1.2264420848162851,0.509765625,0.409,0.31166691492549786,0.466796875,0.886,-1.2059162526065281,0.6015625,0.0,5.119370640579789,0.595703125,0.0,3.4964174836779836,0.564453125,0.006,2.370433261954043,0.4736328125,0.903,-1.3297586614587118,0.494140625,0.638,-0.3369017910760955,0.6025390625,0.0,5.459671395923532,0.5169270833333334
LBelt,0.5146484375,0.253,0.708207567659755,0.564453125,0.013,2.3850446394002676,0.513671875,0.341,0.4706017358937098,0.6201171875,0.0,6.008829299390295,0.58984375,0.0,3.331696551325724,0.59765625,0.0,3.5414955959749217,0.5380859375,0.028,1.8723314790249477,0.5087890625,0.323,0.49130178934519053,0.583984375,0.0,4.244284569181637,0.5576171875
A4,0.5224609375,0.115,1.2016521095237407,0.51953125,0.252,0.7001270262125868,0.521484375,0.214,0.8214239416413406,0.7509765625,0.0,13.238785562555014,0.7265625,0.0,8.537608199386092,0.716796875,0.0,8.188879277372312,0.5146484375,0.232,0.7734909267773304,0.51171875,0.3,0.5721372897227196,0.7216796875,0.0,11.644702100621672,0.5960286458333334
STSva,0.568359375,0.0,3.6118604107669063,0.529296875,0.135,1.1196956395607593,0.578125,0.0,2.91990125611461,0.6396484375,0.0,7.411227776780851,0.630859375,0.0,4.9394363483822765,0.611328125,0.0,4.289589845130763,0.5205078125,0.157,1.0300718177670058,0.5712890625,0.0,3.847412476009105,0.59375,0.0,4.986560441208086,0.576171875
TE1m,0.5751953125,0.0,3.8023674913437966,0.515625,0.291,0.5887906436929632,0.578125,0.002,2.8704697296966355,0.6943359375,0.0,9.591725049059086,0.66796875,0.0,6.752479724202565,0.63671875,0.0,5.079680026387175,0.49609375,0.561,-0.1666466024572271,0.53515625,0.028,1.9167052827165147,0.6376953125,0.0,7.713667731803926,0.5885416666666666
PI,0.4912109375,0.69,-0.44247406085236546,0.501953125,0.509,0.08668643368155236,0.529296875,0.144,1.047118981384938,0.58984375,0.0,4.251950543068415,0.62890625,0.0,4.71277702234687,0.572265625,0.004,2.527830937732247,0.5244140625,0.116,1.2254685339445293,0.494140625,0.633,-0.31003630933252024,0.564453125,0.002,3.2045012207306187,0.53515625
a32pr,0.53515625,0.049,1.8123248650014665,0.529296875,0.156,1.0273370780427826,0.5703125,0.006,2.5503163403465696,0.6611328125,0.0,8.289980286438887,0.66015625,0.0,5.9569190762846205,0.6328125,0.0,4.78992844500322,0.515625,0.223,0.764219723520377,0.5029296875,0.44,0.1988630422098372,0.6015625,0.0,5.219769501276491,0.5706380208333334
p24,0.5654296875,0.001,3.304611056538585,0.544921875,0.049,1.6417582462865903,0.564453125,0.005,2.4195355235403793,0.6611328125,0.0,8.118128429692241,0.65625,0.0,5.895679509266933,0.6171875,0.0,4.2326095052676465,0.5048828125,0.429,0.24197182312435608,0.5537109375,0.003,2.779781453526894,0.6171875,0.0,6.287184673653353,0.5771484375
